material_number,descripcion,forma,linea,fuente,fecha_agregado
21070070035,RAMBLER 30 OZ TUMBLER MS CUSTOM NAVY,REGULAR,DC,auto_aprobado,2026-08-03
21070090064,RAMBLER COLSTER 2.0 CUSTOM SS,REGULAR,SS,auto_aprobado,2026-08-03
21071015008,RAMBLER 10 OZ TUMBLER MS CUSTOM SS,REGULAR,SS,auto_aprobado,2026-08-03
21071060025,RAMBLER 18 OZ BOTTLE CHUG CUSTOM SS,REGULAR,SS,auto_aprobado,2026-08-03
21071070021,RAMBLER 36 OZ BOTTLE CHUG CUSTOM SS,REGULAR,SS,auto_aprobado,2026-08-03
21071200025,RAMBLER 26 OZ BOTTLE CHUG CUSTOM SS,REGULAR,SS,auto_aprobado,2026-08-03
21071300099,RAMBLER 20 OZ TUMBLER MS CUSTOM SS,REGULAR,SS,auto_aprobado,2026-08-03
21071300105,RAMBLER 30 OZ TUMBLER MS CUSTOM SS,REGULAR,SS,auto_aprobado,2026-08-03
21071300267,RAMBLER 20 OZ TUMBLER MS CSTM BRICK RED,REGULAR,DC,auto_aprobado,2026-08-03
21071500005,BOOMER 8 DOG BOWL CUSTOM SS,REGULAR,SS,auto_aprobado,2026-08-03
21071500007,BOOMER 8 DOG BOWL CUSTOM SEAFOAM,REGULAR,DC,auto_aprobado,2026-08-03
21071500014,BOOMER 4 DOG BOWL CUSTOM SS,REGULAR,SS,auto_aprobado,2026-08-03
21071500409,RAMBLER 10 OZ LOWBALL MS CUSTOM CORPRED,REGULAR,DC,auto_aprobado,2026-08-03
21071500434,RAMBLER 20 OZ TUMBLER MS CSTM CORPBLUE,REGULAR,DC,auto_aprobado,2026-08-03
21071501562,RAMBLER BEVERAGE BUCKET CUSTOM SS,BUCKET,SS,auto_aprobado,2026-08-03
21071501985,RAMBLER 20 OZ COCKTAIL SHAKER CUSTOM SS,SHAKER,SS,auto_aprobado,2026-08-03
21071501998,RAMBLER 1/2 G JUG 2.0 CUSTOM BLACK,REGULAR,DC,auto_aprobado,2026-08-03
21071502000,RAMBLER 1/2 G JUG 2.0 CUSTOM NAVY,REGULAR,DC,auto_aprobado,2026-08-03
21071502001,RAMBLER 1 G JUG 2.0 CUSTOM BLACK,REGULAR,DC,auto_aprobado,2026-08-03
21071502202,RAMBLER 14 OZ MUG 2.0 MS CSTM SEAFOAM,REGULAR,DC,auto_aprobado,2026-08-03
21071502225,RAMBLER 20 OZ TUMBLER MS CSTM BLACK,REGULAR,DC,auto_aprobado,2026-08-03
21071502227,RAMBLER 20 OZ TUMBLER MS CSTM NAVY,REGULAR,DC,auto_aprobado,2026-08-03
21071502228,RAMBLER 20 OZ TUMBLER MS CSTM WHITE,REGULAR,DC,auto_aprobado,2026-08-03
21071502229,RAMBLER 20 OZ TUMBLER MS CSTM SEAFOAM,REGULAR,DC,auto_aprobado,2026-08-03
21071502283,RAMBLER 20 OZ TRAVEL MUG CUSTOM SEAFOAM,REGULAR,DC,auto_aprobado,2026-08-03
21071502284,RAMBLER 20 OZ TRAVEL MUG CUSTOM NAVY,REGULAR,DC,auto_aprobado,2026-08-03
21071502293,RAMBLER 30 OZ TRAVEL MUG CUSTOM SEAFOAM,REGULAR,DC,auto_aprobado,2026-08-03
21071502308,RAMBLER 12 OZ TRAVEL BOTTLE CSTM BLACK,REGULAR,DC,auto_aprobado,2026-08-03
21071502309,RAMBLER 12 OZ TRAVEL BOTTLE CSTM WHITE,REGULAR,DC,auto_aprobado,2026-08-03
21071502310,RAMBLER 12 OZ TRAVEL BOTTLE CSTM NAVY,REGULAR,DC,auto_aprobado,2026-08-03
21071502318,RAMBLER 16 OZ TRAVEL BOTTLE CSTM BLACK,REGULAR,DC,auto_aprobado,2026-08-03
21071502319,RAMBLER 16 OZ TRAVEL BOTTLE CSTM WHITE,REGULAR,DC,auto_aprobado,2026-08-03
21071502320,RAMBLER 16 OZ TRAVEL BOTTLE CSTM NAVY,REGULAR,DC,auto_aprobado,2026-08-03
21071502329,RAMBLER JR 12 OZ KIDS BOTTLE CSTTROPPINK,REGULAR,DC,auto_aprobado,2026-08-03
21071502331,RAMBLER 18 OZ C STRAW BOTTLE CSTTROPPINK,REGULAR,DC,auto_aprobado,2026-08-03
21071502861,RAMBLER 16 OZ STK MS CSTM NAVY,REGULAR,DC,auto_aprobado,2026-08-03
21071502862,RAMBLER 16 OZ STK MS CSTM WHITE,REGULAR,DC,auto_aprobado,2026-08-03
21071502863,RAMBLER 16 OZ STK MS CSTM SEAFOAM,REGULAR,DC,auto_aprobado,2026-08-03
21071502865,RAMBLER 16 OZ STK MS CSTM BLACK,REGULAR,DC,auto_aprobado,2026-08-03
21071502958,YETI FLASK CSTM RESCUE RED,REGULAR,DC,auto_aprobado,2026-08-03
21071502959,YETI SHOT GLASSES & CASE CSTM RESCUE RED,REGULAR,DC,auto_aprobado,2026-08-03
21071502966,RAMBLER 1 G JUG 2.0 CUSTOM RESCUE RED,REGULAR,DC,auto_aprobado,2026-08-03
21071502968,RAMBLER 12 OZ TRAVEL BOTTLE CSTRESCUERED,REGULAR,DC,auto_aprobado,2026-08-03
21071502969,RAMBLER 16 OZ TRAVEL BOTTLE CSTRESCUERED,REGULAR,DC,auto_aprobado,2026-08-03
21071502970,RAMBLER 16 OZ STK MS CSTM RESCUE RED,REGULAR,DC,auto_aprobado,2026-08-03
21071503026,YETI FLASK CSTM TROPICAL PINK,REGULAR,DC,auto_aprobado,2026-08-03
21071503027,YETI SHOT GLASSES & CASE CST TROPICPINK,REGULAR,DC,auto_aprobado,2026-08-03
21071503029,RAMBLER COLSTER 2.0 CSTM TROPICAL PINK,REGULAR,DC,auto_aprobado,2026-08-03
21071503038,RAMBLER 14 OZ MUG 2.0 MS CST TROPIC PINK,REGULAR,DC,auto_aprobado,2026-08-03
21071503042,RAMBLER 18 OZ BOTTLE CHUG CSTTROPICPINK,REGULAR,DC,auto_aprobado,2026-08-03
21071503043,RAMBLER 26 OZ BOTTLE CHUG CSTTROPICPINK,REGULAR,DC,auto_aprobado,2026-08-03
21071503045,RAMBLER 36 OZ BOTTLE CHUG CSTTROPICPINK,REGULAR,DC,auto_aprobado,2026-08-03
21071503046,RAMBLER 46 OZ BOTTLE CHUG CSTTROPICPINK,REGULAR,DC,auto_aprobado,2026-08-03
21071503047,RAMBLER 64 OZ BOTTLE CHUG CSTTROPICPINK,REGULAR,DC,auto_aprobado,2026-08-03
21071503058,RAMBLER 20 OZ TUMBLER MS CST TROPIC PINK,REGULAR,DC,auto_aprobado,2026-08-03
21071503059,RAMBLER 30 OZ TUMBLER MS CST TROPIC PINK,REGULAR,DC,auto_aprobado,2026-08-03
21071503065,RAMBLER 42 OZ STRAW MUG CSTM TROPIC PINK,REGULAR,DC,auto_aprobado,2026-08-03
21071503066,RAMBLER 20 OZ TRAVEL MUG CST TROPIC PINK,REGULAR,DC,auto_aprobado,2026-08-03
21071503068,RAMBLER 20 OZ COCKTAIL SHAKER CSTTRPPINK,SHAKER,DC,auto_aprobado,2026-08-03
21071503070,RAMBLER WINE CHILLER CSTM TROPICAL PINK,REGULAR,DC,auto_aprobado,2026-08-03
21071503077,RAMBLER 12 OZ TRAVEL BOTTLE CSTTROPPINK,REGULAR,DC,auto_aprobado,2026-08-03
21071503078,RAMBLER 16 OZ TRAVEL BOTTLE CSTTROPPINK,REGULAR,DC,auto_aprobado,2026-08-03
21071503079,RAMBLER 16 OZ STK MS CSTM TROPICAL PINK,REGULAR,DC,auto_aprobado,2026-08-03
21071503500,RAMBLER 42 OZ STRAW MUG CSTM KEY LIME,REGULAR,DC,auto_aprobado,2026-08-03
21071503617,RAMBLER COLSTER 2.0 CSTM CAPE TAUPE,REGULAR,DC,auto_aprobado,2026-08-03
21071503623,RAMBLER JR 12 OZ KIDS BOTTLE CST CAPETPE,REGULAR,DC,auto_aprobado,2026-08-03
21071503624,RAMBLER 18 OZ C STRAW BOTTLE CSTCAPTAUPE,REGULAR,DC,auto_aprobado,2026-08-03
21071503625,RAMBLER 18 OZ BOTTLE CHUG CSTM CAPETAUPE,REGULAR,DC,auto_aprobado,2026-08-03
21071503626,RAMBLER 26 OZ BOTTLE CHUG CSTM CAPETAUPE,REGULAR,DC,auto_aprobado,2026-08-03
21071503629,RAMBLER 20 OZ TUMBLER MS CSTM CAPE TAUPE,REGULAR,DC,auto_aprobado,2026-08-03
21071503630,RAMBLER 30 OZ TUMBLER MS CSTM CAPE TAUPE,REGULAR,DC,auto_aprobado,2026-08-03
21071503636,RAMBLER 42 OZ STRAW MUG CSTM CAPE TAUPE,REGULAR,DC,auto_aprobado,2026-08-03
21071503638,RAMBLER 30 OZ TRAVEL MUG CSTM CAPE TAUPE,REGULAR,DC,auto_aprobado,2026-08-03
21071503639,RAMBLER 20 OZ COCKTAIL SHAKER CSTCPTAUPE,SHAKER,DC,auto_aprobado,2026-08-03
21071503641,RAMBLER WINE CHILLER CSTM CAPE TAUPE,REGULAR,DC,auto_aprobado,2026-08-03
21071503648,RAMBLER 16 OZ STK MS CSTM CAPE TAUPE,REGULAR,DC,auto_aprobado,2026-08-03
21071503650,RAMBLER WINE CHILLER CUSTOM SS,REGULAR,SS,auto_aprobado,2026-08-03
21071503675,RAMBLER 1/2 G JUG 2.0 CUSTOM SS,REGULAR,SS,auto_aprobado,2026-08-03
21071503697,RAMBLER 26 OZ C STRAW BOTTLE CST TRPPINK,REGULAR,DC,auto_aprobado,2026-08-03
21071503700,RAMBLER 26 OZ C STRAW BOTTLE CST CPTAUPE,REGULAR,DC,auto_aprobado,2026-08-03
21071503708,RAMBLER 20 OZ STK MS CUSTOM SS,REGULAR,SS,auto_aprobado,2026-08-03
21071503709,RAMBLER 20 OZ STK MS CUSTOM WHITE,REGULAR,DC,auto_aprobado,2026-08-03
21071503710,RAMBLER 20 OZ STK MS CUSTOM SEAFOAM,REGULAR,DC,auto_aprobado,2026-08-03
21071503711,RAMBLER 20 OZ STK MS CUSTOM NAVY,REGULAR,DC,auto_aprobado,2026-08-03
21071503712,RAMBLER 20 OZ STK MS CUSTOM BLACK,REGULAR,DC,auto_aprobado,2026-08-03
21071503784,RAMBLER COLSTER 2.0 CUSTOM BLACK,REGULAR,DC,auto_aprobado,2026-08-03
21071503786,RAMBLER COLSTER 2.0 CUSTOM NAVY,REGULAR,DC,auto_aprobado,2026-08-03
21071503787,RAMBLER COLSTER 2.0 CUSTOM SEAFOAM,REGULAR,DC,auto_aprobado,2026-08-03
21071503814,RAMBLER 30 OZ TUMBLER MS CUSTOM BLACK,REGULAR,DC,auto_aprobado,2026-08-03
21071503816,RAMBLER 30 OZ TUMBLER MS CUSTOM NAVY,REGULAR,DC,auto_aprobado,2026-08-03
21071503817,RAMBLER 30 OZ TUMBLER MS CUSTOM SEAFOAM,REGULAR,DC,auto_aprobado,2026-08-03
21071503818,RAMBLER 30 OZ TUMBLER MS CUSTOM WHITE,REGULAR,DC,auto_aprobado,2026-08-03
21071503819,RAMBLER 30 OZ TUMBLER MS CSTM RESCUE RED,REGULAR,DC,auto_aprobado,2026-08-03
21071503822,RAMBLER BEVERAGE BUCKET CUSTOM NAVY,BUCKET,DC,auto_aprobado,2026-08-03
21071503823,RAMBLER BEVERAGE BUCKET CUSTOM WHITE,BUCKET,DC,auto_aprobado,2026-08-03
21071503829,RAMBLER 36 OZ BOTTLE CHUG CUSTOM BLACK,REGULAR,DC,auto_aprobado,2026-08-03
21071503831,RAMBLER 36 OZ BOTTLE CHUG CUSTOM NAVY,REGULAR,DC,auto_aprobado,2026-08-03
21071503832,RAMBLER 36 OZ BOTTLE CHUG CUSTOM SEAFOAM,REGULAR,DC,auto_aprobado,2026-08-03
21071503833,RAMBLER 36 OZ BOTTLE CHUG CUSTOM WHITE,REGULAR,DC,auto_aprobado,2026-08-03
21071503846,RAMBLER 42 OZ STRAW MUG CUSTOM SEAFOAM,REGULAR,DC,auto_aprobado,2026-08-03
21071503857,RAMBLER 64 OZ BOTTLE CHUG CUSTOM BLACK,REGULAR,DC,auto_aprobado,2026-08-03
21071503858,RAMBLER 64 OZ BOTTLE CHUG CUSTOM NAVY,REGULAR,DC,auto_aprobado,2026-08-03
21071503860,RAMBLER 64 OZ BOTTLE CHUG CUSTOM RESCRED,REGULAR,DC,auto_aprobado,2026-08-03
21071503861,RAMBLER 64 OZ BOTTLE CHUG CUSTOM WHITE,REGULAR,DC,auto_aprobado,2026-08-03
21071503889,RAMBLER 20 OZ STK MS CUSTOM RESCUE RED,REGULAR,DC,auto_aprobado,2026-08-03
21071503913,RAMBLER 16 OZ STK MS CUSTOM SS,REGULAR,SS,auto_aprobado,2026-08-03
21071503915,RAMBLER 20 OZ STK MS CSTM TROPICAL PINK,REGULAR,DC,auto_aprobado,2026-08-03
21071503939,RAMBLER COLSTER 2.0 CUSTOM RESCUE RED,REGULAR,DC,auto_aprobado,2026-08-03
21071503940,RAMBLER 36 OZ BOTTLE CHUG CSTM RESCUERED,REGULAR,DC,auto_aprobado,2026-08-03
21071503942,RAMBLER BEVERAGE BUCKET CSTM RESCUE RED,BUCKET,DC,auto_aprobado,2026-08-03
21071503944,RAMBLER COLSTER 2.0 CUSTOM WHITE,REGULAR,DC,auto_aprobado,2026-08-03
21071503997,RAMBLER JR 12 OZ KIDS BOTTLE CSTRESCRED,REGULAR,DC,auto_aprobado,2026-08-03
21071503998,RAMBLER 18 OZ C STRAW BOTTLE CSTRESCURED,REGULAR,DC,auto_aprobado,2026-08-03
21071503999,RAMBLER 26 OZ C STRAW BOTTLE CST RESCRED,REGULAR,DC,auto_aprobado,2026-08-03
21071504045,RAMBLER 18 OZ BOTTLE CHUG CUSTOM BLACK,REGULAR,DC,auto_aprobado,2026-08-03
21071504046,RAMBLER 18 OZ BOTTLE CHUG CUSTOM NAVY,REGULAR,DC,auto_aprobado,2026-08-03
21071504047,RAMBLER 18 OZ BOTTLE CHUG CUSTOM WHITE,REGULAR,DC,auto_aprobado,2026-08-03
21071504048,RAMBLER 18 OZ BOTTLE CHUG CUSTOM SEAFOAM,REGULAR,DC,auto_aprobado,2026-08-03
21071504049,RAMBLER 18 OZ BOTTLE CHUG CSTM RESCUERED,REGULAR,DC,auto_aprobado,2026-08-03
21071504062,RAMBLER JR 12 OZ KIDS BOTTLE CUSTOM NAVY,REGULAR,DC,auto_aprobado,2026-08-03
21071504063,RAMBLER JR 12 OZ KIDS BOTTLE CSTM SEAFM,REGULAR,DC,auto_aprobado,2026-08-03
21071504070,RAMBLER COLSTER SLIM CUSTOM NAVY,REGULAR,DC,auto_aprobado,2026-08-03
21071504087,RAMBLER 18 OZ C STRAW BOTTLE CST NAVY,REGULAR,DC,auto_aprobado,2026-08-03
21071504088,RAMBLER 18 OZ C STRAW BOTTLE CST SEAFOAM,REGULAR,DC,auto_aprobado,2026-08-03
21071504093,RAMBLER 20 OZ COCKTAIL SHAKER CUSTOMNAVY,SHAKER,DC,auto_aprobado,2026-08-03
21071504094,RAMBLER 20 OZ COCKTAIL SHAKER CSTM WHITE,SHAKER,DC,auto_aprobado,2026-08-03
21071504095,RAMBLER 20 OZ COCKTAIL SHAKER CSTRESCRED,SHAKER,DC,auto_aprobado,2026-08-03
21071504101,RAMBLER 26 OZ BOTTLE CHUG CUSTOM BLACK,REGULAR,DC,auto_aprobado,2026-08-03
21071504102,RAMBLER 26 OZ BOTTLE CHUG CUSTOM NAVY,REGULAR,DC,auto_aprobado,2026-08-03
21071504103,RAMBLER 26 OZ BOTTLE CHUG CUSTOM WHITE,REGULAR,DC,auto_aprobado,2026-08-03
21071504104,RAMBLER 26 OZ BOTTLE CHUG CUSTOM SEAFOAM,REGULAR,DC,auto_aprobado,2026-08-03
21071504105,RAMBLER 26 OZ BOTTLE CHUG CSTM RESCUERED,REGULAR,DC,auto_aprobado,2026-08-03
21071504121,RAMBLER 46 OZ BOTTLE CHUG CUSTOM WHITE,REGULAR,DC,auto_aprobado,2026-08-03
21071504122,RAMBLER 46 OZ BOTTLE CHUG CUSTOM SEAFOAM,REGULAR,DC,auto_aprobado,2026-08-03
21071504127,RAMBLER WINE CHILLER CUSTOM NAVY,REGULAR,DC,auto_aprobado,2026-08-03
21071504128,RAMBLER WINE CHILLER CUSTOM WHITE,REGULAR,DC,auto_aprobado,2026-08-03
21071504129,RAMBLER WINE CHILLER CUSTOM RESCUE RED,REGULAR,DC,auto_aprobado,2026-08-03
21071504133,BOOMER 8 DOG BOWL CUSTOM BLACK,REGULAR,DC,auto_aprobado,2026-08-03
21071504134,BOOMER 8 DOG BOWL CUSTOM NAVY,REGULAR,DC,auto_aprobado,2026-08-03
21071504135,BOOMER 8 DOG BOWL CUSTOM WHITE,REGULAR,DC,auto_aprobado,2026-08-03
21071504139,BOOMER 4 DOG BOWL CUSTOM BLACK,REGULAR,DC,auto_aprobado,2026-08-03
21071504140,BOOMER 4 DOG BOWL CUSTOM NAVY,REGULAR,DC,auto_aprobado,2026-08-03
21071504141,BOOMER 4 DOG BOWL CUSTOM WHITE,REGULAR,DC,auto_aprobado,2026-08-03
21071504186,RAMBLER 36 OZ BOTTLE CHUG CSTM CAPETAUPE,REGULAR,DC,auto_aprobado,2026-08-03
21071504190,RAMBLER 64 OZ BTL CHUG CSTM CAPE TAUPE,REGULAR,DC,auto_aprobado,2026-08-03
21071504233,RAMBLER 20 OZ STK MS CUSTOM CAPE TAUPE,REGULAR,DC,auto_aprobado,2026-08-03
21071504282,YETI SHOT GLASSES & CASE CUSTOM SS,REGULAR,SS,auto_aprobado,2026-08-03
21071504283,YETI SHOT GLASSES & CASE CUSTOM NAVY,REGULAR,DC,auto_aprobado,2026-08-03
21071504284,YETI SHOT GLASSES & CASE CUSTOM WHITE,REGULAR,DC,auto_aprobado,2026-08-03
21071504296,YETI FLASK CUSTOM SS,REGULAR,SS,auto_aprobado,2026-08-03
21071504297,YETI FLASK CUSTOM NAVY,REGULAR,DC,auto_aprobado,2026-08-03
21071504298,YETI FLASK CUSTOM WHITE,REGULAR,DC,auto_aprobado,2026-08-03
21071504377,RAMBLER 20 OZ TUMBLER MS CSTM RRED,REGULAR,DC,auto_aprobado,2026-08-03
21071504498,RAMBLER 26 OZ C STRAW BOTTLE CUSTOM NAVY,REGULAR,DC,auto_aprobado,2026-08-03
21071504499,RAMBLER 26 OZ C STRAW BOTTLE CSTMSEAFOAM,REGULAR,DC,auto_aprobado,2026-08-03
21071504544,RAMBLER 8 OZ FOOD JAR CSTM SS,REGULAR,SS,auto_aprobado,2026-08-03
21071504545,RAMBLER 8 OZ FOOD JAR CSTM NAVY,REGULAR,DC,auto_aprobado,2026-08-03
21071504546,RAMBLER 8 OZ FOOD JAR CSTM WHITE,REGULAR,DC,auto_aprobado,2026-08-03
21071504547,RAMBLER 8 OZ FOOD JAR CSTM BLACK,REGULAR,DC,auto_aprobado,2026-08-03
21071504549,RAMBLER 8 OZ FOOD JAR CSTM RESCUE RED,REGULAR,DC,auto_aprobado,2026-08-03
21071504551,RAMBLER 8 OZ FOOD JAR CSTM TROPICAL PINK,REGULAR,DC,auto_aprobado,2026-08-03
21071504555,RAMBLER 16 OZ FOOD JAR CSTM SS,REGULAR,SS,auto_aprobado,2026-08-03
21071504556,RAMBLER 16 OZ FOOD JAR CSTM NAVY,REGULAR,DC,auto_aprobado,2026-08-03
21071504557,RAMBLER 16 OZ FOOD JAR CSTM WHITE,REGULAR,DC,auto_aprobado,2026-08-03
21071504558,RAMBLER 16 OZ FOOD JAR CSTM BLACK,REGULAR,DC,auto_aprobado,2026-08-03
21071504560,RAMBLER 16 OZ FOOD JAR CSTM RESCUE RED,REGULAR,DC,auto_aprobado,2026-08-03
21071504562,RAMBLER 16 OZ FOOD JAR CSTM TROPICALPINK,REGULAR,DC,auto_aprobado,2026-08-03
21071504566,RAMBLER 24 OZ FOOD JAR CSTM SS,REGULAR,SS,auto_aprobado,2026-08-03
21071504567,RAMBLER 24 OZ FOOD JAR CSTM NAVY,REGULAR,DC,auto_aprobado,2026-08-03
21071504568,RAMBLER 24 OZ FOOD JAR CSTM WHITE,REGULAR,DC,auto_aprobado,2026-08-03
21071504569,RAMBLER 24 OZ FOOD JAR CSTM BLACK,REGULAR,DC,auto_aprobado,2026-08-03
21071504571,RAMBLER 24 OZ FOOD JAR CSTM RESCUE RED,REGULAR,DC,auto_aprobado,2026-08-03
21071504573,RAMBLER 24 OZ FOOD JAR CSTM TROPICALPINK,REGULAR,DC,auto_aprobado,2026-08-03
21071504592,BOOMER 4 DOG BOWL CUSTOM SEAFOAM,REGULAR,DC,auto_aprobado,2026-08-03
21071504593,BOOMER 4 DOG BOWL CUSTOM RESCUE RED,REGULAR,DC,auto_aprobado,2026-08-03
21071504594,BOOMER 8 DOG BOWL CUSTOM SEAFOAM,REGULAR,DC,auto_aprobado,2026-08-03
21071504595,BOOMER 8 DOG BOWL CUSTOM RESCUE RED,REGULAR,DC,auto_aprobado,2026-08-03
21071504600,YETI FLASK CUSTOM BLACK,REGULAR,DC,auto_aprobado,2026-08-03
21071504602,YETI SHOT GLASSES & CASE CUSTOM BLACK,REGULAR,DC,auto_aprobado,2026-08-03
21071505044,RAMBLER 20 OZ TUMBLER MS CSTM FF YELLOW,REGULAR,DC,auto_aprobado,2026-08-03
21071505059,RAMBLER 42 OZ STRAW MUG CSTM FF YELLOW,REGULAR,DC,auto_aprobado,2026-08-03
21071505111,RAMBLER 30 OZ STK MS CSTM ULTRA VIOLET,REGULAR,DC,auto_aprobado,2026-08-03
21071505135,YETI SHOT GLASSES & CASE CSTM WTLDS CAMO,REGULAR,DC,auto_aprobado,2026-08-03
21071505151,RAMBLER 12 OZ TRAVEL BOTTLE CSTCHBLOSSOM,REGULAR,DC,auto_aprobado,2026-08-03
21071505180,RAMBLER 16 OZ TRAVEL BOTTLE CSTM SS,REGULAR,SS,auto_aprobado,2026-08-03
21071505202,RAMBLER 30 OZ TRAVEL MUG CSTM CH BLOSSOM,REGULAR,DC,auto_aprobado,2026-08-03
21071505404,RAMBLER 42 OZ STRAW MUG CUSTOM LC PEACH,REGULAR,DC,auto_aprobado,2026-08-03
21071505675,BOOMER 8 DOG BOWL CUSTOM WETLANDS CAMO,REGULAR,DC,auto_aprobado,2026-08-03
21071505802,BOOMER 4 DOG BOWL CSTM TROPICAL PINK,REGULAR,DC,auto_aprobado,2026-08-03
21071505803,BOOMER 8 DOG BOWL CSTM TROPICAL PINK,REGULAR,DC,auto_aprobado,2026-08-03
21071506006,RAMBLER COLSTER 2.0 CSTM WETLANDS CAMO,REGULAR,DC,auto_aprobado,2026-08-03
21071506024,RAMBLER 10 OZ LOWBALL 2.0 MS CSTCBLOSSOM,REGULAR,DC,auto_aprobado,2026-08-03
21071506036,RAMBLER 10 OZ WINE MS CSTM CH BLOSSOM,REGULAR,DC,auto_aprobado,2026-08-03
21071506037,RAMBLER JR 12 OZ KIDS BOTTLE CST WETCAMO,REGULAR,DC,auto_aprobado,2026-08-03
21071506074,RAMBLER 20 OZ TUMBLER MS CST WET CAMO,REGULAR,DC,auto_aprobado,2026-08-03
21071506087,RAMBLER 26 OZ BOT CHUG CSTM WET CAMO,REGULAR,DC,auto_aprobado,2026-08-03
21071506099,RAMBLER 30 OZ TUMBLER MS CSTM CH BLOSSOM,REGULAR,DC,auto_aprobado,2026-08-03
21071506102,RAMBLER 30 OZ TUMBLER MS CST WET CAMO,REGULAR,DC,auto_aprobado,2026-08-03
21071506114,RAMBLER 36 OZ BOTTLE CHUG CST SOLARFLARE,REGULAR,DC,auto_aprobado,2026-08-03
21071506115,RAMBLER 36 OZ BTL CHUG CSTWETLANDSCAMO,REGULAR,DC,auto_aprobado,2026-08-03
21071506146,YETI SHOT GLASSES & CASE CSTM BF GREEN,REGULAR,DC,auto_aprobado,2026-08-03
21071506242,RAMBLER 20 OZ TRAVEL STR MUG CSTTROPPINK,REGULAR,DC,auto_aprobado,2026-08-03
21071506243,RAMBLER 20 OZ TRAVEL STR MUG CST NAVY,REGULAR,DC,auto_aprobado,2026-08-03
21071506244,RAMBLER 20 OZ TRAVEL STR MUG CST RRED,REGULAR,DC,auto_aprobado,2026-08-03
21071506245,RAMBLER 20 OZ TRAVEL STR MUG CST BLACK,REGULAR,DC,auto_aprobado,2026-08-03
21071506246,RAMBLER 20 OZ TRAVEL STR MUG CST WHITE,REGULAR,DC,auto_aprobado,2026-08-03
21071506252,RAMBLER 30 OZ TRAVEL STR MUG CST TROPPNK,REGULAR,DC,auto_aprobado,2026-08-03
21071506253,RAMBLER 30 OZ TRAVEL STR MUG CST NAVY,REGULAR,DC,auto_aprobado,2026-08-03
21071506254,RAMBLER 30 OZ TRAVEL STR MUG CST RESCRED,REGULAR,DC,auto_aprobado,2026-08-03
21071506255,RAMBLER 30 OZ TRAVEL STR MUG CST BLACK,REGULAR,DC,auto_aprobado,2026-08-03
21071506256,RAMBLER 30 OZ TRAVEL STR MUG CST WHITE,REGULAR,DC,auto_aprobado,2026-08-03
21071506287,RAMBLER 16 OZ TRAVEL BOTTLE CST CP TAUPE,REGULAR,DC,auto_aprobado,2026-08-03
21071506289,RAMBLER 20 OZ TRAVEL STR MUG CST CPTAUPE,REGULAR,DC,auto_aprobado,2026-08-03
21071506290,RAMBLER 30 OZ TRAVEL STR MUG CST CPTAUPE,REGULAR,DC,auto_aprobado,2026-08-03
21071506553,RAMBLER 20 OZ TUMBLER MS CSTM RED C,REGULAR,DC,auto_aprobado,2026-08-03
21071506554,RAMBLER 20 OZ TUMBLER MS CSTM RED B,REGULAR,DC,auto_aprobado,2026-08-03
21071506555,RAMBLER 20 OZ TUMBLER MS CSTM PURPLE B,REGULAR,DC,auto_aprobado,2026-08-03
21071506556,RAMBLER 20 OZ TUMBLER MS CSTM BLUE E,REGULAR,DC,auto_aprobado,2026-08-03
21071506558,RAMBLER 20 OZ TUMBLER MS CSTM ORANGE A,REGULAR,DC,auto_aprobado,2026-08-03
21071506561,RAMBLER 20 OZ TUMBLER MS CSTM NAVY A,REGULAR,DC,auto_aprobado,2026-08-03
21071506562,RAMBLER 20 OZ TUMBLER MS CSTM ORANGE B,REGULAR,DC,auto_aprobado,2026-08-03
21071506563,RAMBLER 20 OZ TUMBLER MS CSTM BLUE D,REGULAR,DC,auto_aprobado,2026-08-03
21071506564,RAMBLER 20 OZ TUMBLER MS CSTM GREEN C,REGULAR,DC,auto_aprobado,2026-08-03
21071506565,RAMBLER 20 OZ TUMBLER MS CSTM NAVY B,REGULAR,DC,auto_aprobado,2026-08-03
21071506570,RAMBLER 20 OZ TUMBLER MS CSTM BLUE C,REGULAR,DC,auto_aprobado,2026-08-03
21071506571,RAMBLER 20 OZ TUMBLER MS CSTM YELLOW A,REGULAR,DC,auto_aprobado,2026-08-03
21071506572,RAMBLER 20 OZ TUMBLER MS CSTM TEAL B,REGULAR,DC,auto_aprobado,2026-08-03
21071506573,RAMBLER 20 OZ TUMBLER MS CSTM PURPLE A,REGULAR,DC,auto_aprobado,2026-08-03
21071506576,RAMBLER 20 OZ TUMBLER MS CSTM BLUE G,REGULAR,DC,auto_aprobado,2026-08-03
21071506577,RAMBLER 20 OZ TUMBLER MS CSTM GREEN B,REGULAR,DC,auto_aprobado,2026-08-03
21071506578,RAMBLER 20 OZ TUMBLER MS CSTM GREEN D,REGULAR,DC,auto_aprobado,2026-08-03
21071506579,RAMBLER 20 OZ TUMBLER MS CSTM YELLOW B,REGULAR,DC,auto_aprobado,2026-08-03
21071506581,RAMBLER 20 OZ TUMBLER MS CSTM GREEN E,REGULAR,DC,auto_aprobado,2026-08-03
21071506584,RAMBLER 20 OZ TUMBLER MS CSTM MAROON B,REGULAR,DC,auto_aprobado,2026-08-03
21071506586,RAMBLER 16 OZ STK MS CSTM RED B,REGULAR,DC,auto_aprobado,2026-08-03
21071506588,RAMBLER 16 OZ STK MS CSTM BLUE E,REGULAR,DC,auto_aprobado,2026-08-03
21071506590,RAMBLER 16 OZ STK MS CSTM ORANGE A,REGULAR,DC,auto_aprobado,2026-08-03
21071506594,RAMBLER 16 OZ STK MS CSTM ORANGE B,REGULAR,DC,auto_aprobado,2026-08-03
21071506596,RAMBLER 16 OZ STK MS CSTM GREEN C,REGULAR,DC,auto_aprobado,2026-08-03
21071506603,RAMBLER 16 OZ STK MS CSTM YELLOW A,REGULAR,DC,auto_aprobado,2026-08-03
21071506605,RAMBLER 16 OZ STK MS CSTM PURPLE A,REGULAR,DC,auto_aprobado,2026-08-03
21071506609,RAMBLER 16 OZ STK MS CSTM GREEN B,REGULAR,DC,auto_aprobado,2026-08-03
21071506611,RAMBLER 16 OZ STK MS CSTM YELLOW B,REGULAR,DC,auto_aprobado,2026-08-03
21071506616,RAMBLER 16 OZ STK MS CSTM MAROON B,REGULAR,DC,auto_aprobado,2026-08-03
21071506618,RAMBLER 18 OZ BOTTLE CHUG CSTM RED B,REGULAR,DC,auto_aprobado,2026-08-03
21071506619,RAMBLER 18 OZ BOTTLE CHUG CSTM PURPLE B,REGULAR,DC,auto_aprobado,2026-08-03
21071506620,RAMBLER 18 OZ BOTTLE CHUG CSTM BLUE E,REGULAR,DC,auto_aprobado,2026-08-03
21071506622,RAMBLER 18 OZ BOTTLE CHUG CSTM ORANGE A,REGULAR,DC,auto_aprobado,2026-08-03
21071506625,RAMBLER 18 OZ BOTTLE CHUG CSTM NAVY A,REGULAR,DC,auto_aprobado,2026-08-03
21071506626,RAMBLER 18 OZ BOTTLE CHUG CSTM ORANGE B,REGULAR,DC,auto_aprobado,2026-08-03
21071506628,RAMBLER 18 OZ BOTTLE CHUG CSTM GREEN C,REGULAR,DC,auto_aprobado,2026-08-03
21071506635,RAMBLER 18 OZ BOTTLE CHUG CSTM YELLOW A,REGULAR,DC,auto_aprobado,2026-08-03
21071506636,RAMBLER 18 OZ BOTTLE CHUG CSTM TEAL B,REGULAR,DC,auto_aprobado,2026-08-03
21071506639,RAMBLER 18 OZ BOTTLE CHUG CSTM GOLD A,REGULAR,DC,auto_aprobado,2026-08-03
21071506642,RAMBLER 18 OZ BOTTLE CHUG CSTM GREEN D,REGULAR,DC,auto_aprobado,2026-08-03
21071506648,RAMBLER 18 OZ BOTTLE CHUG CSTM MAROON B,REGULAR,DC,auto_aprobado,2026-08-03
21071506650,RAMBLER COLSTER 2.0 CSTM RED B,REGULAR,DC,auto_aprobado,2026-08-03
21071506651,RAMBLER COLSTER 2.0 CSTM PURPLE B,REGULAR,DC,auto_aprobado,2026-08-03
21071506652,RAMBLER COLSTER 2.0 CSTM BLUE E,REGULAR,DC,auto_aprobado,2026-08-03
21071506653,RAMBLER COLSTER 2.0 CSTM BLUE B,REGULAR,DC,auto_aprobado,2026-08-03
21071506654,RAMBLER COLSTER 2.0 CSTM ORANGE A,REGULAR,DC,auto_aprobado,2026-08-03
21071506656,RAMBLER COLSTER 2.0 CSTM BROWN A,REGULAR,DC,auto_aprobado,2026-08-03
21071506657,RAMBLER COLSTER 2.0 CSTM NAVY A,REGULAR,DC,auto_aprobado,2026-08-03
21071506658,RAMBLER COLSTER 2.0 CSTM ORANGE B,REGULAR,DC,auto_aprobado,2026-08-03
21071506660,RAMBLER COLSTER 2.0 CSTM GREEN C,REGULAR,DC,auto_aprobado,2026-08-03
21071506667,RAMBLER COLSTER 2.0 CSTM YELLOW A,REGULAR,DC,auto_aprobado,2026-08-03
21071506668,RAMBLER COLSTER 2.0 CSTM TEAL B,REGULAR,DC,auto_aprobado,2026-08-03
21071506669,RAMBLER COLSTER 2.0 CSTM PURPLE A,REGULAR,DC,auto_aprobado,2026-08-03
21071506673,RAMBLER COLSTER 2.0 CSTM GREEN B,REGULAR,DC,auto_aprobado,2026-08-03
21071506674,RAMBLER COLSTER 2.0 CSTM GREEN D,REGULAR,DC,auto_aprobado,2026-08-03
21071506675,RAMBLER COLSTER 2.0 CSTM YELLOW B,REGULAR,DC,auto_aprobado,2026-08-03
21071506680,RAMBLER COLSTER 2.0 CSTM MAROON B,REGULAR,DC,auto_aprobado,2026-08-03
21071506682,RAMBLER 42 OZ STRAW MUG CSTM RED B,REGULAR,DC,auto_aprobado,2026-08-03
21071506689,RAMBLER 42 OZ STRAW MUG CSTM NAVY A,REGULAR,DC,auto_aprobado,2026-08-03
21071506714,YETI FLASK CSTM RED B,REGULAR,DC,auto_aprobado,2026-08-03
21071506716,YETI FLASK CSTM BLUE E,REGULAR,DC,auto_aprobado,2026-08-03
21071506722,YETI FLASK CSTM ORANGE B,REGULAR,DC,auto_aprobado,2026-08-03
21071506733,YETI FLASK CSTM PURPLE A,REGULAR,DC,auto_aprobado,2026-08-03
21071507047,RAMBLER 18 OZ BOTTLE FCHUG CST ROYALBLUE,REGULAR,DC,auto_aprobado,2026-08-03
21071507048,RAMBLER 26 OZ BOTTLE FCHUG CST ROYALBLUE,REGULAR,DC,auto_aprobado,2026-08-03
21071507049,RAMBLER 40 OZ TRAVEL STR MUG CSTROYALBLU,REGULAR,DC,auto_aprobado,2026-08-03
21071507054,RAMBLER JR 10 OZ TUMBLER CSTM NAVY,REGULAR,DC,auto_aprobado,2026-08-03
21071507055,RAMBLER JR 10 OZ TUMBLER CSTM SEAFOAM,REGULAR,DC,auto_aprobado,2026-08-03
21071507056,RAMBLER JR 10 OZ TUMBLER CSTM TROPICPINK,REGULAR,DC,auto_aprobado,2026-08-03
21071507057,RAMBLER JR 10 OZ TUMBLER CSTM RESCUE RED,REGULAR,DC,auto_aprobado,2026-08-03
21071507060,RAMBLER 40 OZ TRAVEL STR MUG CST CTAUPE,REGULAR,DC,auto_aprobado,2026-08-03
21071507063,RAMBLER 40 OZ TRAVEL STR MUG CST TRPPINK,REGULAR,DC,auto_aprobado,2026-08-03
21071507064,RAMBLER 40 OZ TRAVEL STR MUG CST NAVY,REGULAR,DC,auto_aprobado,2026-08-03
21071507065,RAMBLER 40 OZ TRAVEL STR MUG CST RESCRED,REGULAR,DC,auto_aprobado,2026-08-03
21071507067,RAMBLER 40 OZ TRAVEL STR MUG CST WHITE,REGULAR,DC,auto_aprobado,2026-08-03
21071507083,RAMBLER 40 OZ TRAVEL STR MUG CST VENOM,REGULAR,DC,auto_aprobado,2026-08-03
21071507084,RAMBLER 40 OZ TRAVEL STR MUG CST DBLOOM,REGULAR,DC,auto_aprobado,2026-08-03
21071507086,RAMBLER 8 OZ TRAVEL BOTTLE CSTM TROPPINK,REGULAR,DC,auto_aprobado,2026-08-03
21071507087,RAMBLER 8 OZ TRAVEL BOTTLE CSTM SS,REGULAR,SS,auto_aprobado,2026-08-03
21071507089,RAMBLER 8 OZ TRAVEL BOTTLE CSTM BLACK,REGULAR,DC,auto_aprobado,2026-08-03
21071507090,RAMBLER 8 OZ TRAVEL BOTTLE CSTM NAVY,REGULAR,DC,auto_aprobado,2026-08-03
21071507091,RAMBLER 8 OZ TRAVEL BOTTLE CSTM RESCRED,REGULAR,DC,auto_aprobado,2026-08-03
21071507096,RAMBLER 18 OZ BOTTLE FCHUG CSTM BLACK,REGULAR,DC,auto_aprobado,2026-08-03
21071507097,RAMBLER 18 OZ BOTTLE FCHUG CSTM NAVY,REGULAR,DC,auto_aprobado,2026-08-03
21071507098,RAMBLER 18 OZ BOTTLE FCHUG CSTM WHITE,REGULAR,DC,auto_aprobado,2026-08-03
21071507099,RAMBLER 18 OZ BOTTLE FCHUG CSTM RESCRED,REGULAR,DC,auto_aprobado,2026-08-03
21071507100,RAMBLER 26 OZ BOTTLE FCHUG CSTM BLACK,REGULAR,DC,auto_aprobado,2026-08-03
21071507101,RAMBLER 26 OZ BOTTLE FCHUG CSTM NAVY,REGULAR,DC,auto_aprobado,2026-08-03
21071507102,RAMBLER 26 OZ BOTTLE FCHUG CSTM WHITE,REGULAR,DC,auto_aprobado,2026-08-03
21071507103,RAMBLER 26 OZ BOTTLE FCHUG CSTM RESCRED,REGULAR,DC,auto_aprobado,2026-08-03
21071507220,RAMBLER 1/2 G JUG 2.0 CSTM ROYAL BLUE,REGULAR,DC,auto_aprobado,2026-08-03
21071507221,RAMBLER 1 G JUG 2.0 CSTM ROYAL BLUE,REGULAR,DC,auto_aprobado,2026-08-03
21071507222,RAMBLER JR 12 OZ KIDS BOTTLE CST ROYALBL,REGULAR,DC,auto_aprobado,2026-08-03
21071507223,RAMBLER 16 OZ STK MS CSTM ROYAL BLUE,REGULAR,DC,auto_aprobado,2026-08-03
21071507224,RAMBLER 20 OZ STK MS CSTM ROYAL BLUE,REGULAR,DC,auto_aprobado,2026-08-03
21071507225,RAMBLER 20 OZ TUMBLER MS CSTM ROYAL BLUE,REGULAR,DC,auto_aprobado,2026-08-03
21071507226,RAMBLER 26 OZ C STRAW BOTTLE CSTROYALBLU,REGULAR,DC,auto_aprobado,2026-08-03
21071507227,RAMBLER 30 OZ TRAVEL STR MUG CST ROYALBL,REGULAR,DC,auto_aprobado,2026-08-03
21071507228,RAMBLER 36 OZ BOTTLE CHUG CST ROYAL BLUE,REGULAR,DC,auto_aprobado,2026-08-03
21071507231,RAMBLER 64 OZ BOTTLE CHUG CST ROYAL BLUE,REGULAR,DC,auto_aprobado,2026-08-03
21071507240,RAMBLER COLSTER 2.0 CSTM VENOM,REGULAR,DC,auto_aprobado,2026-08-03
21071507255,RAMBLER JR 12 OZ KIDS BOTTLE CST VENOM,REGULAR,DC,auto_aprobado,2026-08-03
21071507256,RAMBLER 18 OZ C STRAW BOTTLE CSTM VENOM,REGULAR,DC,auto_aprobado,2026-08-03
21071507259,RAMBLER 18 OZ BTL C CHUG CST WHITE/BLUE,REGULAR,DC,auto_aprobado,2026-08-03
21071507260,RAMBLER 26 OZ C STRAW BOTTLE CSTM VENOM,REGULAR,DC,auto_aprobado,2026-08-03
21071507267,RAMBLER 1 G JUG 2.0 CSTM VENOM,REGULAR,DC,auto_aprobado,2026-08-03
21071507281,RAMBLER 20 OZ TUMBLER MS CSTM VENOM,REGULAR,DC,auto_aprobado,2026-08-03
21071507283,RAMBLER 20 OZ TUMBLER MS CSTM RIDGELINE,REGULAR,DC,auto_aprobado,2026-08-03
21071507286,RAMBLER 16 OZ STK MS CSTM DESERT BLOOM,REGULAR,DC,auto_aprobado,2026-08-03
21071507287,RAMBLER 16 OZ STK MS CSTM SEA STONE,REGULAR,DC,auto_aprobado,2026-08-03
21071507288,RAMBLER 20 OZ STK MS CSTM VENOM,REGULAR,DC,auto_aprobado,2026-08-03
21071507294,RAMBLER 20 OZ TRAVEL STR MUG CST VENOM,REGULAR,DC,auto_aprobado,2026-08-03
21071507295,RAMBLER 20 OZ TRAVEL STR MUG CST DSBLOOM,REGULAR,DC,auto_aprobado,2026-08-03
21071507297,RAMBLER 30 OZ TRAVEL STR MUG CST VENOM,REGULAR,DC,auto_aprobado,2026-08-03
21071507298,RAMBLER 30 OZ TRAVEL STR MUG CST DESERTB,REGULAR,DC,auto_aprobado,2026-08-03
21071507333,BOOMER 4 DOG BOWL CSTM DESERT BLOOM,REGULAR,DC,auto_aprobado,2026-08-03
21071507337,BOOMER 4 DOG BOWL CSTM SEA STONE,REGULAR,DC,auto_aprobado,2026-08-03
21071507338,BOOMER 8 DOG BOWL CSTM SEA STONE,REGULAR,DC,auto_aprobado,2026-08-03
21071507417,RAMBLER 10 OZ CL MUG MS CSTM TROPPINK,REGULAR,DC,auto_aprobado,2026-08-03
21071507418,RAMBLER 10 OZ CL MUG MS CSTM NAVY,REGULAR,DC,auto_aprobado,2026-08-03
21071507419,RAMBLER 10 OZ CL MUG MS CSTM RESCUE RED,REGULAR,DC,auto_aprobado,2026-08-03
21071507420,RAMBLER 10 OZ CL MUG MS CSTM BLACK,REGULAR,DC,auto_aprobado,2026-08-03
21071507421,RAMBLER 10 OZ CL MUG MS CSTM WHITE,REGULAR,DC,auto_aprobado,2026-08-03
21071507422,RAMBLER 10 OZ CL MUG MS CSTM SEAFOAM,REGULAR,DC,auto_aprobado,2026-08-03
21071507423,RAMBLER 10 OZ CL MUG MS CSTM SS,REGULAR,SS,auto_aprobado,2026-08-03
21071507424,RAMBLER 10 OZ CL MUG MS CSTM CAPE TAUPE,REGULAR,DC,auto_aprobado,2026-08-03
21071507426,RAMBLER 10 OZ CL MUG MS CSTM CH BLOSSOM,REGULAR,DC,auto_aprobado,2026-08-03
21071507428,RAMBLER 14 OZ CL MUG 2.0 MS CSTM TRPPINK,REGULAR,DC,auto_aprobado,2026-08-03
21071507429,RAMBLER 14 OZ CL MUG 2.0 MS CSTM NAVY,REGULAR,DC,auto_aprobado,2026-08-03
21071507430,RAMBLER 14 OZ CL MUG 2.0 MS CSTM RESRED,REGULAR,DC,auto_aprobado,2026-08-03
21071507431,RAMBLER 14 OZ CL MUG 2.0 MS CSTM BLACK,REGULAR,DC,auto_aprobado,2026-08-03
21071507432,RAMBLER 14 OZ CL MUG 2.0 MS CSTM WHITE,REGULAR,DC,auto_aprobado,2026-08-03
21071507433,RAMBLER 14 OZ CL MUG 2.0 MS CSTM SEAFOAM,REGULAR,DC,auto_aprobado,2026-08-03
21071507434,RAMBLER 14 OZ CL MUG 2.0 MS CSTM SS,REGULAR,SS,auto_aprobado,2026-08-03
21071507435,RAMBLER 14 OZ CL MUG 2.0 MS CSTM CTAUPE,REGULAR,DC,auto_aprobado,2026-08-03
21071507440,RAMBLER 8 OZ CL CUP MS CSTM TROPPINK,REGULAR,DC,auto_aprobado,2026-08-03
21071507441,RAMBLER 8 OZ CL CUP MS CSTM NAVY,REGULAR,DC,auto_aprobado,2026-08-03
21071507442,RAMBLER 8 OZ CL CUP MS CSTM RESCUE RED,REGULAR,DC,auto_aprobado,2026-08-03
21071507443,RAMBLER 8 OZ CL CUP MS CSTM BLACK,REGULAR,DC,auto_aprobado,2026-08-03
21071507444,RAMBLER 8 OZ CL CUP MS CSTM WHITE,REGULAR,DC,auto_aprobado,2026-08-03
21071507445,RAMBLER 8 OZ CL CUP MS CSTM SEAFOAM,REGULAR,DC,auto_aprobado,2026-08-03
21071507446,RAMBLER 8 OZ CL CUP MS CSTM SS,REGULAR,SS,auto_aprobado,2026-08-03
21071507447,RAMBLER 8 OZ CL CUP MS CSTM CAPE TAUPE,REGULAR,DC,auto_aprobado,2026-08-03
21071507452,RAMBLER 10 OZ CL LOW 2.0 MS CSTM BLACK,REGULAR,DC,auto_aprobado,2026-08-03
21071507453,RAMBLER 10 OZ CL LOW 2.0 MS CSTM NAVY,REGULAR,DC,auto_aprobado,2026-08-03
21071507454,RAMBLER 10 OZ CL LOW 2.0 MS CSTM WHITE,REGULAR,DC,auto_aprobado,2026-08-03
21071507455,RAMBLER 10 OZ CL LOW 2.0 MS CSTM RESCRED,REGULAR,DC,auto_aprobado,2026-08-03
21071507456,RAMBLER 10 OZ CL LOW 2.0 MS CSTM SEAFOAM,REGULAR,DC,auto_aprobado,2026-08-03
21071507457,RAMBLER 10 OZ CL LOW 2.0 MS CSTM SS,REGULAR,SS,auto_aprobado,2026-08-03
21071507458,RAMBLER 10 OZ CL LOW 2.0 MS CSTM TRPPINK,REGULAR,DC,auto_aprobado,2026-08-03
21071507459,RAMBLER 10 OZ CL LOW 2.0 MS CSTM CTAUPE,REGULAR,DC,auto_aprobado,2026-08-03
21071507468,RAMBLER 10 OZ CL WINE MS CSTM NAVY,REGULAR,DC,auto_aprobado,2026-08-03
21071507469,RAMBLER 10 OZ CL WINE MS CSTM WHITE,REGULAR,DC,auto_aprobado,2026-08-03
21071507470,RAMBLER 10 OZ CL WINE MS CSTM RESCUE RED,REGULAR,DC,auto_aprobado,2026-08-03
21071507473,RAMBLER 10 OZ CL WINE MS CSTM TROPICPINK,REGULAR,DC,auto_aprobado,2026-08-03
21071507474,RAMBLER 10 OZ CL WINE MS CSTM CAPE TAPE,REGULAR,DC,auto_aprobado,2026-08-03
21071507574,RAMBLER 18 OZ STRAW BOTTLE CSTSOLARFLARE,REGULAR,DC,auto_aprobado,2026-08-03
21071507576,RAMBLER 26 OZ BOTTLECHUG CST SOLAR FLARE,REGULAR,DC,auto_aprobado,2026-08-03
21071507583,RAMBLER 20 OZ TRAVEL STR MUG CST ROYALBL,REGULAR,DC,auto_aprobado,2026-08-03
21071507585,RAMBLER 12 OZ TRAVEL BOTTLE CSTROYALBLUE,REGULAR,DC,auto_aprobado,2026-08-03
21071507586,RAMBLER 16 OZ TRAVEL BOTTLE CSTROYALBLUE,REGULAR,DC,auto_aprobado,2026-08-03
21071507663,RAMBLER 8 OZ FOOD JAR CSTM RIDGELINE,REGULAR,DC,auto_aprobado,2026-08-03
21071507664,RAMBLER 16 OZ FOOD JAR CSTM RIDGELINE,REGULAR,DC,auto_aprobado,2026-08-03
21071507665,RAMBLER 24 OZ FOOD JAR CSTM RIDGELINE,REGULAR,DC,auto_aprobado,2026-08-03
21071507668,RAMBLER 18 OZ BOTTLE FCHUG CSTM TROPPINK,REGULAR,DC,auto_aprobado,2026-08-03
21071507669,YETI FLASK CSTM SOLAR FLARE,REGULAR,DC,auto_aprobado,2026-08-03
21071507677,RAMBLER 10 OZ CL MUG MS CSTM RIDGELINE,REGULAR,DC,auto_aprobado,2026-08-03
21071507678,RAMBLER 14 OZ CL MUG 2.0 MS CSTM RDGLINE,REGULAR,DC,auto_aprobado,2026-08-03
21071507681,RAMBLER 18 OZ C STR BOTTLE CSTM RDGLINE,REGULAR,DC,auto_aprobado,2026-08-03
21071507682,RAMBLER 26 OZ C STRAW BOTTLE CSTMRDGLINE,REGULAR,DC,auto_aprobado,2026-08-03
21071507688,RAMBLER 30 OZ TUMBLER MS CSTM RIDGELINE,REGULAR,DC,auto_aprobado,2026-08-03
21071507690,RAMBLER 16 OZ STK MS CSTM RIDGELINE,REGULAR,DC,auto_aprobado,2026-08-03
21071507691,RAMBLER 20 OZ STK MS CSTM RIDGELINE,REGULAR,DC,auto_aprobado,2026-08-03
21071507692,RAMBLER 35 OZ STRAW MUG 2.0 CSTRIDGELINE,REGULAR,DC,auto_aprobado,2026-08-03
21071507695,RAMBLER 20 OZ TRAVEL STR MUG CST RIDGE,REGULAR,DC,auto_aprobado,2026-08-03
21071507696,RAMBLER 30 OZ TRAVEL STR MUG CST RIDGE,REGULAR,DC,auto_aprobado,2026-08-03
21071507697,RAMBLER 40 OZ TRAVEL STR MUG CST RIDGE,REGULAR,DC,auto_aprobado,2026-08-03
21071507700,RAMBLER 16 OZ TRAVEL BOTTLE CSTM RDGLINE,REGULAR,DC,auto_aprobado,2026-08-03
21071507744,RAMBLER JR 12 OZ KIDS BOTTLE CSTM DBLOOM,REGULAR,DC,auto_aprobado,2026-08-03
21071507746,RAMBLER 20 OZ STK MS CSTM DESERT BLOOM,REGULAR,DC,auto_aprobado,2026-08-03
21071507747,RAMBLER 20 OZ TUMBLER MS CSTM DBLOOM,REGULAR,DC,auto_aprobado,2026-08-03
21071507753,RAMBLER COLSTER 2.0 CSTM BLUE F,REGULAR,DC,auto_aprobado,2026-08-03
21071507775,RAMBLER JR 10 OZ TUMBLER CST GRASSHOPPER,REGULAR,DC,auto_aprobado,2026-08-03
21071507776,RAMBLER JR 10 OZ TUMBLER CSTM ROYAL BLUE,REGULAR,DC,auto_aprobado,2026-08-03
21071507794,RAMBLER 18 OZ C STRAW BOTTLE CST ROYALBL,REGULAR,DC,auto_aprobado,2026-08-03
21071507795,RAMBLER 18 OZ C STRAW BOTTLE CST GRASSHO,REGULAR,DC,auto_aprobado,2026-08-03
21071507821,RAMBLER JR 12 OZ KIDS BOTTLE CST GRASSHO,REGULAR,DC,auto_aprobado,2026-08-03
21071507822,RAMBLER 26 OZ C STRAW BOTTLE CST GRASSHO,REGULAR,DC,auto_aprobado,2026-08-03
21071507826,RAMBLER 20 OZ TUMBLER MS CST GRASSHOPPER,REGULAR,DC,auto_aprobado,2026-08-03
21071507827,RAMBLER 16 OZ STK MS CSTM GRASSHOPPER,REGULAR,DC,auto_aprobado,2026-08-03
21071507828,RAMBLER 20 OZ STK MS CSTM GRASSHOPPER,REGULAR,DC,auto_aprobado,2026-08-03
21071507829,RAMBLER 30 OZ TRAVEL STR MUG CSTGRASSHOP,REGULAR,DC,auto_aprobado,2026-08-03
21071507830,RAMBLER 40 OZ TRAVEL STR MUG CSTGRASSHOP,REGULAR,DC,auto_aprobado,2026-08-03
21071507831,RAMBLER 12 OZ TRAVEL BOTTLE CSTGRASSHOPP,REGULAR,DC,auto_aprobado,2026-08-03
21071507832,RAMBLER 16 OZ TRAVEL BOTTLE CST GRASSHOP,REGULAR,DC,auto_aprobado,2026-08-03
21071507835,RAMBLER 8 OZ FOOD JAR CSTM GRASSHOPPER,REGULAR,DC,auto_aprobado,2026-08-03
21071507836,RAMBLER 16 OZ FOOD JAR CSTM GRASSHOPPER,REGULAR,DC,auto_aprobado,2026-08-03
21071507880,RAMBLER 20 OZ TUMBLER MS CSTM CLAY,REGULAR,DC,auto_aprobado,2026-08-03
21071507915,RAMBLER 18 OZ BOTTLE FCHUG CST CAPETAUPE,REGULAR,DC,auto_aprobado,2026-08-03
21071507917,RAMBLER 10 OZ CL LOW 2.0 MS CST SEASTONE,REGULAR,DC,auto_aprobado,2026-08-03
21071507929,RAMBLER 18 OZ BOTTLE CHUG CSTM VENOM,REGULAR,DC,auto_aprobado,2026-08-03
21071507930,RAMBLER 26 OZ BOTTLE CHUG CSTM VENOM,REGULAR,DC,auto_aprobado,2026-08-03
21071507986,RAMBLER 35 OZ STRAW MUG 2.0 CST ROYALBLU,REGULAR,DC,auto_aprobado,2026-08-03
21071508027,RAMBLER JR 10 OZ TUMBLER CSTM VENOM,REGULAR,DC,auto_aprobado,2026-08-03
21071508028,RAMBLER JR 10 OZ TUMBLER CST DESERTBLOOM,REGULAR,DC,auto_aprobado,2026-08-03
21071508029,RAMBLER 10 OZ CL WINE MS CST SEA STONE,REGULAR,DC,auto_aprobado,2026-08-03
21071508046,RAMBLER 16 OZ STK MS CSTM CLAY,REGULAR,DC,auto_aprobado,2026-08-03
21071508064,RAMBLER COLSTER 2.0 CSTM RIDGELINE,REGULAR,DC,auto_aprobado,2026-08-03
21071508115,RAMBLER 35 OZ STRAW MUG 2.0 CST PPURPLE,REGULAR,DC,auto_aprobado,2026-08-03
21071508223,RAMBLER 35 OZ STRAW MUG 2.0 CSTM BLACK,REGULAR,DC,auto_aprobado,2026-08-03
21071508224,RAMBLER 35 OZ STRAW MUG 2.0 CSTM NAVY,REGULAR,DC,auto_aprobado,2026-08-03
21071508225,RAMBLER 35 OZ STRAW MUG 2.0 CSTM WHITE,REGULAR,DC,auto_aprobado,2026-08-03
21071508226,RAMBLER 35 OZ STRAW MUG 2.0 CSTM RESCRED,REGULAR,DC,auto_aprobado,2026-08-03
21071508227,RAMBLER 35 OZ STRAW MUG 2.0 CSTM SEAFOAM,REGULAR,DC,auto_aprobado,2026-08-03
21071508228,RAMBLER 35 OZ STRAW MUG 2.0 CSTMTROPPINK,REGULAR,DC,auto_aprobado,2026-08-03
21071508229,RAMBLER 35 OZ STRAW MUG 2.0 CSTM CPTAUPE,REGULAR,DC,auto_aprobado,2026-08-03
21071508394,RAMBLER JR 10 OZ TUMBLER CST PACE PURPLE,REGULAR,DC,auto_aprobado,2026-08-03
21071508471,RAMBLER 36 OZ BTL C CHUG CST PACE PURPLE,REGULAR,DC,auto_aprobado,2026-08-03
21071508474,RAMBLER 1/2 G JUG 2.0 CSTM PACE PURPLE,REGULAR,DC,auto_aprobado,2026-08-03
21071508475,RAMBLER 1 G JUG 2.0 CSTM PACE PURPLE,REGULAR,DC,auto_aprobado,2026-08-03
21071508477,RAMBLER 20 OZ TUMBLER MS CST PACE PURPLE,REGULAR,DC,auto_aprobado,2026-08-03
21071508478,RAMBLER 30 OZ TUMBLER MS CST PACE PURPLE,REGULAR,DC,auto_aprobado,2026-08-03
21071508479,RAMBLER 16 OZ STK MS CSTM PACE PURPLE,REGULAR,DC,auto_aprobado,2026-08-03
21071508480,RAMBLER 20 OZ STK MS CSTM PACE PURPLE,REGULAR,DC,auto_aprobado,2026-08-03
21071508481,RAMBLER 30 OZ TRAVEL STR MUG CST PPURPLE,REGULAR,DC,auto_aprobado,2026-08-03
21071508482,RAMBLER 40 OZ TRAVEL STR MUG CST PPURPLE,REGULAR,DC,auto_aprobado,2026-08-03
21071508493,BOOMER 4 DOG BOWL CSTM PACE PURPLE,REGULAR,DC,auto_aprobado,2026-08-03
21071508497,BOOMER 8 DOG BOWL CSTM PACE PURPLE,REGULAR,DC,auto_aprobado,2026-08-03
21071508537,YETI SHOT GLASSES & CASE CSTM OLIVE/KCO,REGULAR,DC,auto_aprobado,2026-08-03
21071508538,RAMBLER 18 OZ BOTTLE FCHUG CST OLIVE/KCO,REGULAR,DC,auto_aprobado,2026-08-03
21071508539,RAMBLER 26 OZ BOTTLE FCHUG CST OLIVE/KCO,REGULAR,DC,auto_aprobado,2026-08-03
21071508540,RAMBLER 36 OZ BTL C CHUG CST OLIVE/KCO,REGULAR,DC,auto_aprobado,2026-08-03
21071508542,RAMBLER 64 OZ BTL C CHUG CSTOLIVE/KCO,REGULAR,DC,auto_aprobado,2026-08-03
21071508544,RAMBLER 20 OZ TUMBLER MS CSTM OLIVE/KCO,REGULAR,DC,auto_aprobado,2026-08-03
21071508545,RAMBLER 30 OZ TUMBLER MS CSTM OLIVE/KCO,REGULAR,DC,auto_aprobado,2026-08-03
21071508546,RAMBLER 20 OZ STK MS CSTM OLIVE/KING CO,REGULAR,DC,auto_aprobado,2026-08-03
21071508547,RAMBLER 16 OZ STK MS CSTM OLIVE/KING CO,REGULAR,DC,auto_aprobado,2026-08-03
21071508548,RAMBLER 16 OZ TRAVEL BOTTLE CSTOLIVE/KCO,REGULAR,DC,auto_aprobado,2026-08-03
21071508603,RAMBLER 18 OZ C STRAW BOTTLE CSTM WHITE,REGULAR,DC,auto_aprobado,2026-08-03
21071508604,RAMBLER 26 OZ C STRAW BOTTLE CSTM WHITE,REGULAR,DC,auto_aprobado,2026-08-03
21071508634,RAMBLER 46 OZ BTL C CHUG CST GRASSHOPPER,REGULAR,DC,auto_aprobado,2026-08-03
21071508635,RAMBLER 18 OZ BTL CHUG CSTRIDGELINE,REGULAR,DC,auto_aprobado,2026-08-03
21071508636,RAMBLER 26 OZ BTL CHUG CSTRIDGELINE,REGULAR,DC,auto_aprobado,2026-08-03
21071508637,RAMBLER 46 OZ BTL CHUG CSTM RIDGELINE,REGULAR,DC,auto_aprobado,2026-08-03
21071508648,RAMBLER 36 OZ BTL C CHUG CST GRASSHOPPER,REGULAR,DC,auto_aprobado,2026-08-03
21071508652,RAMBLER 36 OZ BTL CHUG CST RIDGELINE,REGULAR,DC,auto_aprobado,2026-08-03
21071508654,RAMBLER 64 OZ BTL CHUG CST RIDGELIN,REGULAR,DC,auto_aprobado,2026-08-03
21071508728,RAMBLER JR 12 OZ KIDS BTL CST SEA VIEW,REGULAR,DC,auto_aprobado,2026-08-03
21071508729,RAMBLER JR 12 OZ KIDS BTLCSTRED/NVY/BADG,REGULAR,DC,auto_aprobado,2026-08-03
21071508733,RAMBLER 36 OZ BTL C CHUG CST SEA VIEW,REGULAR,DC,auto_aprobado,2026-08-03
21071508734,RAMBLER 46 OZ BTL C CHUG CSTM SEA VIEW,REGULAR,DC,auto_aprobado,2026-08-03
21071508738,RAMBLER 20 OZ TUMBLER MS CSTM RED/BADGE,REGULAR,DC,auto_aprobado,2026-08-03
21071508739,RAMBLER 20 OZ TUMBLER MS CSTM WHT/BADGE,REGULAR,DC,auto_aprobado,2026-08-03
21071508740,RAMBLER 20 OZ TUMBLER MS CSTM NAVY/BADGE,REGULAR,DC,auto_aprobado,2026-08-03
21071508741,RAMBLER JR 10 OZ TUMBLER CST SEA VIEW,REGULAR,DC,auto_aprobado,2026-08-03
21071508742,RAMBLER JR 10 OZ TUMBLER CSTM NAVY/RRD,REGULAR,DC,auto_aprobado,2026-08-03
21071508745,RAMBLER 20 OZ STK MS CSTM NAVY/BADGE,REGULAR,DC,auto_aprobado,2026-08-03
21071508747,RAMBLER 16 OZ STK MS CSTM WHT/BADGE,REGULAR,DC,auto_aprobado,2026-08-03
21071508750,RAMBLER 18 OZ C STRBTL CST WHT/RRD/BADGE,REGULAR,DC,auto_aprobado,2026-08-03
21071508781,RAMBLER 18 OZ C STR BTL CSTM PACE PURPLE,REGULAR,DC,auto_aprobado,2026-08-03
21071508783,RAMBLER 18 OZ C STRAW BOTTLECSTOLIVE/KCO,REGULAR,DC,auto_aprobado,2026-08-03
21071508795,RAMBLER 26 OZ C STR BTL CSTM PACE PURPLE,REGULAR,DC,auto_aprobado,2026-08-03
21071508797,RAMBLER 26 OZ C STRAW BOTTLECSTOLIVE/KCO,REGULAR,DC,auto_aprobado,2026-08-03
21071508829,RAMBLER JR 12 OZ KIDS BTL CST PACEPURPLE,REGULAR,DC,auto_aprobado,2026-08-03
21071508864,RAMBLER 10 OZ CL LOW 2.0 MS CSTRIDGELINE,REGULAR,DC,auto_aprobado,2026-08-03
21071508866,RAMBLER COLSTER SLIM CSTM VENOM,REGULAR,DC,auto_aprobado,2026-08-03
21071508873,RAMBLER 1/2 G JUG 2.0 CSTM CAPE TAUPE,REGULAR,DC,auto_aprobado,2026-08-03
21071508875,RAMBLER 1 G JUG 2.0 CSTM CAPE TAUPE,REGULAR,DC,auto_aprobado,2026-08-03
21071508877,RAMBLER COLSTER 2.0 CSTM ROYAL BLUE,REGULAR,DC,auto_aprobado,2026-08-03
21071508894,RAMBLER JR 12 OZ KIDS BOTTLE CST PWP/WFL,REGULAR,DC,auto_aprobado,2026-08-03
21071508895,RAMBLER JR 12 OZ KIDS BOT CSTMST/PNK/GHP,REGULAR,DC,auto_aprobado,2026-08-03
21071508900,RAMBLER 18 OZ BTL C CHUG CST SEA VIEW,REGULAR,DC,auto_aprobado,2026-08-03
21071508901,RAMBLER 18 OZ BTL C CHUG CST MST/PNK/GHP,REGULAR,DC,auto_aprobado,2026-08-03
21071508906,RAMBLER 18 OZ C STRAW BOTTLE CST PWP/WFL,REGULAR,DC,auto_aprobado,2026-08-03
21071508907,RAMBLER 18 OZ C STRAW BOTCST MST/PNK/GHP,REGULAR,DC,auto_aprobado,2026-08-03
21071508909,RAMBLER 18 OZ BOTTLE CHUG CSTM ROYALBLUE,REGULAR,DC,auto_aprobado,2026-08-03
21071508915,RAMBLER 26 OZ BTL C CHUG CST DESBLOOM,REGULAR,DC,auto_aprobado,2026-08-03
21071508916,RAMBLER 26 OZ BTL C CHUG CST SEA VIEW,REGULAR,DC,auto_aprobado,2026-08-03
21071508917,RAMBLER 26 OZ BTL C CHUG CST MST/PNK/GHP,REGULAR,DC,auto_aprobado,2026-08-03
21071508919,RAMBLER 26 OZ C STRAW BOTTLE CST PWP/WFL,REGULAR,DC,auto_aprobado,2026-08-03
21071508921,RAMBLER 26 OZ BOTTLE CHUG CSTM ROYALBLUE,REGULAR,DC,auto_aprobado,2026-08-03
21071508952,RAMBLER 36 OZ BTL C CHUG CST MST/PNK/GHP,REGULAR,DC,auto_aprobado,2026-08-03
21071508957,RAMBLER C COLSTER 2.0 CSTM OLIVE/KCR,REGULAR,DC,auto_aprobado,2026-08-03
21071508958,RAMBLER C COLSTER 2.0 CSTM WHT/RRD/BADGE,REGULAR,DC,auto_aprobado,2026-08-03
21071508959,RAMBLER C COLSTER 2.0 CSTM RED/NVY/BADGE,REGULAR,DC,auto_aprobado,2026-08-03
21071508960,RAMBLER C COLSTER 2.0 CSTM NVY/WHT/BADGE,REGULAR,DC,auto_aprobado,2026-08-03
21071509008,RAMBLER 24 OZ CL MUG 2.0 MS CSTM BLACK,REGULAR,DC,auto_aprobado,2026-08-03
21071509009,RAMBLER 24 OZ CL MUG 2.0 MS CSTM WHITE,REGULAR,DC,auto_aprobado,2026-08-03
21071509010,RAMBLER 24 OZ CL MUG 2.0 MS CSTM NAVY,REGULAR,DC,auto_aprobado,2026-08-03
21071509011,RAMBLER 24 OZ CL MUG 2.0 MS CSTM SEAFOAM,REGULAR,DC,auto_aprobado,2026-08-03
21071509012,RAMBLER 24 OZ CL MUG 2.0 MS CSTM SS,REGULAR,SS,auto_aprobado,2026-08-03
21071509013,RAMBLER 24 OZ CL MUG 2.0 MS CST TROPPINK,REGULAR,DC,auto_aprobado,2026-08-03
21071509014,RAMBLER 24 OZ CL MUG 2.0 MS CSTCAPETAUPE,REGULAR,DC,auto_aprobado,2026-08-03
21071509060,YETI FLASK CSTM CAPE TAUPE,REGULAR,DC,auto_aprobado,2026-08-03
21071509061,YETI SHOT GLASSES & CASE CSTM CAPE TAUPE,REGULAR,DC,auto_aprobado,2026-08-03
21071509187,RAMBLER 1 G JUG 2.0 CSTM OLIVE,REGULAR,DC,auto_aprobado,2026-08-03
21071509355,YETI FLASK CSTM OLIVE,REGULAR,DC,auto_aprobado,2026-08-03
21071510148,RAMBLER 30 OZ TUMBLER CSTM YELLOW B,REGULAR,DC,auto_aprobado,2026-08-03
21071510195,RAMBLER 36 OZ BTL C CHUGCST W/R/N/BADGE,REGULAR,DC,auto_aprobado,2026-08-03
21071510233,YETI FLASK CSTM BLUE CAMO,REGULAR,DC,auto_aprobado,2026-08-03
21071510234,YETI SHOT GLASSES & CASE CSTM BLUE CAMO,REGULAR,DC,auto_aprobado,2026-08-03
21071510235,RAMBLER COLSTER 2.0 CSTM BLUE CAMO,REGULAR,DC,auto_aprobado,2026-08-03
21071510239,RAMBLER 20 OZ TUMBLER MS CSTM BLUE CAMO,REGULAR,DC,auto_aprobado,2026-08-03
28000009808,RAMBLER 35OZ STRMG 2.0 ORB: NCAA CLEMSON,REGULAR,DC,auto_aprobado,2026-08-03
28000009877,RAMBLER 26OZ CHUG BTL ORNB: NCAA CLEMSON,REGULAR,DC,auto_aprobado,2026-08-03
28000009908,RAMBLER 26OZ CHUG BTL NVY: NCAA PENN STT,REGULAR,DC,auto_aprobado,2026-08-03
28000009917,RAMBLER 26OZ CHUG BTL MRNB: NCAA A&M,REGULAR,DC,auto_aprobado,2026-08-03
28000009940,RAMBLER 30 OZ TUMBLR ORNGB: NCAA CLEMSON,REGULAR,DC,auto_aprobado,2026-08-03
28000009980,RAMBLER 30 OZ TUMBLER MRNB: NCAA TXS A&M,REGULAR,DC,auto_aprobado,2026-08-03
28100000992,RAMBLER 20 OZ MS BLK: BLACKHAWKS,REGULAR,DC,auto_aprobado,2026-08-03
28100005247,RAMBLER COLSTER 2.0 BLK: J.DEERE,REGULAR,DC,auto_aprobado,2026-08-03
28100006543,RAMBLER 16 OZ STK MAROON B: NCAATEXASA&M,REGULAR,DC,auto_aprobado,2026-08-03
28100006556,RAMBLER 16 OZ STK MS BLK: NCAA GEORGIA,REGULAR,DC,auto_aprobado,2026-08-03
28100006587,RAMBLER 16 OZ STK MS BLUE E: NFL BILLS,REGULAR,DC,auto_aprobado,2026-08-03
28100006599,RAMBLER 16 OZ STK MS GREEN D: NFL EAGLES,REGULAR,DC,auto_aprobado,2026-08-03
28100006601,RAMBLER 16 OZ STK MS KCR: NCAA TENNESSEE,REGULAR,DC,auto_aprobado,2026-08-03
28100006607,RAMBLER 16 OZ STK MS NAVY A: NFL COWBOYS,REGULAR,DC,auto_aprobado,2026-08-03
28100006610,RAMBLER 16 OZ STK MS NAVY B: NFL TEXANS,REGULAR,DC,auto_aprobado,2026-08-03
28100006624,RAMBLER 16 OZ STK MS NVY: NFL BEARS,REGULAR,DC,auto_aprobado,2026-08-03
28100006626,RAMBLER 16 OZ STK MS NVY: NFL SEAHAWKS,REGULAR,DC,auto_aprobado,2026-08-03
28100006629,RAMBLER 16 OZ STK MS NVY:NCAAMISSISSIPPI,REGULAR,DC,auto_aprobado,2026-08-03
28100006630,RAMBLER 16 OZ STK MS ORANGE A: NFL BEARS,REGULAR,DC,auto_aprobado,2026-08-03
28100006632,RAMBLER 16 OZ STK MS ORANGE B:NFLBRONCOS,REGULAR,DC,auto_aprobado,2026-08-03
28100006633,RAMBLER 16 OZ STK MS ORANGEB:NCAACLEMSON,REGULAR,DC,auto_aprobado,2026-08-03
28100006638,RAMBLER 16 OZ STK MS PURPLE A:NFLVIKINGS,REGULAR,DC,auto_aprobado,2026-08-03
28100006641,RAMBLER 16 OZ STK MS RED B: NCAA ALABAMA,REGULAR,DC,auto_aprobado,2026-08-03
28100006644,RAMBLER 16 OZ STK MS RED B: NCAAARKANSAS,REGULAR,DC,auto_aprobado,2026-08-03
28100006646,RAMBLER 16 OZ STK MS RED B: NFL 49ERS,REGULAR,DC,auto_aprobado,2026-08-03
28100006655,RAMBLER 16 OZ STK MS RRD: NCAA GEORGIA,REGULAR,DC,auto_aprobado,2026-08-03
28100006661,RAMBLER 16 OZ STK MS RRD: NFL CHIEFS,REGULAR,DC,auto_aprobado,2026-08-03
28100006669,RAMBLER 16 OZ STK MS WHT: NCAA ALABAMA,REGULAR,DC,auto_aprobado,2026-08-03
28100006691,RAMBLER 16 OZ STK MS WHT:NCAATENNESSEE,REGULAR,DC,auto_aprobado,2026-08-03
28100006703,RAMBLER 16 OZ STK YELLOW B: NFLSTEELES,REGULAR,DC,auto_aprobado,2026-08-03
28100006706,RAMBLER 18 OZ CHUG BKP: NCAA W VIRGINIA,REGULAR,DC,auto_aprobado,2026-08-03
28100006720,RAMBLER 18 OZ CHUG BLK: NCAA IOWA,REGULAR,DC,auto_aprobado,2026-08-03
28100006797,RAMBLER 18 OZ CHUG NVY: NCAA MISSISSIPPI,REGULAR,DC,auto_aprobado,2026-08-03
28100006809,RAMBLER 18 OZ CHUG ORANGE B: NCAACLEMSON,REGULAR,DC,auto_aprobado,2026-08-03
28100006843,RAMBLER 18 OZ CHUG RRD: NCAA GEORGIA,REGULAR,DC,auto_aprobado,2026-08-03
28100006908,RAMBLER 20 OZ MS BKP: NCAA W VIRGINIA,REGULAR,DC,auto_aprobado,2026-08-03
28100006921,RAMBLER 20 OZ MS BLK: NCAA GEORGIA,REGULAR,DC,auto_aprobado,2026-08-03
28100006922,RAMBLER 20 OZ MS BLK: NCAA IOWA,REGULAR,DC,auto_aprobado,2026-08-03
28100006928,RAMBLER 20 OZ MS BLK: NFL 49ERS,REGULAR,DC,auto_aprobado,2026-08-03
28100006963,RAMBLER 20 OZ MS BLUE D: NFL LIONS,REGULAR,DC,auto_aprobado,2026-08-03
28100006964,RAMBLER 20 OZ MS BLUE E: MLB CUBS,REGULAR,DC,auto_aprobado,2026-08-03
28100006970,RAMBLER 20 OZ MS BLUE E: NFL BILLS,REGULAR,DC,auto_aprobado,2026-08-03
28100006980,RAMBLER 20 OZ MS GREEN C: NFL PACKERS,REGULAR,DC,auto_aprobado,2026-08-03
28100006992,RAMBLER 20 OZ MS NAVY A: NFL COWBOYS,REGULAR,DC,auto_aprobado,2026-08-03
28100006993,RAMBLER 20 OZ MS NAVY A: NFL PATRIOTS,REGULAR,DC,auto_aprobado,2026-08-03
28100006996,RAMBLER 20 OZ MS NVY: MLB ASTROS,REGULAR,DC,auto_aprobado,2026-08-03
28100007012,RAMBLER 20 OZ MS NVY: NFL BEARS,REGULAR,DC,auto_aprobado,2026-08-03
28100007013,RAMBLER 20 OZ MS NVY: NFL BRONCOS,REGULAR,DC,auto_aprobado,2026-08-03
28100007014,RAMBLER 20 OZ MS NVY: NFL SEAHAWKS,REGULAR,DC,auto_aprobado,2026-08-03
28100007020,RAMBLER 20 OZ MS ORANGE A: NFL BEARS,REGULAR,DC,auto_aprobado,2026-08-03
28100007025,RAMBLER 20 OZ MS ORANGE B: NCAA CLEMSON,REGULAR,DC,auto_aprobado,2026-08-03
28100007027,RAMBLER 20 OZ MS ORANGE B: NFL BRONCOS,REGULAR,DC,auto_aprobado,2026-08-03
28100007033,RAMBLER 20 OZ MS PURPLE A: NFL VIKINGS,REGULAR,DC,auto_aprobado,2026-08-03
28100007043,RAMBLER 20 OZ MS RED B: NFL 49ERS,REGULAR,DC,auto_aprobado,2026-08-03
28100007059,RAMBLER 20 OZ MS RRD: NCAA GEORGIA,REGULAR,DC,auto_aprobado,2026-08-03
28100007065,RAMBLER 20 OZ MS RRD: NFL CHIEFS,REGULAR,DC,auto_aprobado,2026-08-03
28100007104,RAMBLER 20 OZ MS WHT: NFL CHIEFS,REGULAR,DC,auto_aprobado,2026-08-03
28100007107,RAMBLER 20 OZ MS WHT: NFL COWBOYS,REGULAR,DC,auto_aprobado,2026-08-03
28100007110,RAMBLER 20 OZ MS WHT: NFL PACKERS,REGULAR,DC,auto_aprobado,2026-08-03
28100007113,RAMBLER 20 OZ MS WHT: NFL VIKINGS,REGULAR,DC,auto_aprobado,2026-08-03
28100007116,RAMBLER 20 OZ MS WVR: NCAA MISSISSIPPIST,REGULAR,DC,auto_aprobado,2026-08-03
28100007121,RAMBLER 20 OZ MS YELLOW B: NFL STEELES,REGULAR,DC,auto_aprobado,2026-08-03
28100007290,RAMBLER 42 OZ STR ORANGE B: NCAA CLEMSON,REGULAR,DC,auto_aprobado,2026-08-03
28100007355,RAMBLER COLSTER 2.0 BLK: NFL STEELERS,REGULAR,DC,auto_aprobado,2026-08-03
28100007369,RAMBLER COLSTER 2.0 BLUE D: NFL LIONS,REGULAR,DC,auto_aprobado,2026-08-03
28100007386,RAMBLER COLSTER 2.0 GREEN C: NFL PACKERS,REGULAR,DC,auto_aprobado,2026-08-03
28100007387,RAMBLER COLSTER 2.0 GREEN D: NFL EAGLES,REGULAR,DC,auto_aprobado,2026-08-03
28100007397,RAMBLER COLSTER 2.0 NAVY A: NFL COWBOYS,REGULAR,DC,auto_aprobado,2026-08-03
28100007417,RAMBLER COLSTER 2.0 NVY: NFL BEARS,REGULAR,DC,auto_aprobado,2026-08-03
28100007418,RAMBLER COLSTER 2.0 NVY: NFL BRONCOS,REGULAR,DC,auto_aprobado,2026-08-03
28100007422,RAMBLER COLSTER 2.0 ORANGE A: NFL BEARS,REGULAR,DC,auto_aprobado,2026-08-03
28100007424,RAMBLER COLSTER 2.0 ORANGE B: NFLBRONCOS,REGULAR,DC,auto_aprobado,2026-08-03
28100007426,RAMBLER COLSTER 2.0 ORANGE B:NCAACLEMSON,REGULAR,DC,auto_aprobado,2026-08-03
28100007432,RAMBLER COLSTER 2.0 PURPLE A: NFLVIKINGS,REGULAR,DC,auto_aprobado,2026-08-03
28100007440,RAMBLER COLSTER 2.0 RED B: NCAA IOWA ST,REGULAR,DC,auto_aprobado,2026-08-03
28100007444,RAMBLER COLSTER 2.0 RED B: NFL 49ERS,REGULAR,DC,auto_aprobado,2026-08-03
28100007459,RAMBLER COLSTER 2.0 RRD: NCAA GEORGIA,REGULAR,DC,auto_aprobado,2026-08-03
28100007465,RAMBLER COLSTER 2.0 RRD: NFL CHIEFS,REGULAR,DC,auto_aprobado,2026-08-03
28100007503,RAMBLER COLSTER 2.0 WHT: NFL CHIEFS,REGULAR,DC,auto_aprobado,2026-08-03
28100007505,RAMBLER COLSTER 2.0 WHT: NFL COWBOYS,REGULAR,DC,auto_aprobado,2026-08-03
28100007508,RAMBLER COLSTER 2.0 WHT: NFL PACKERS,REGULAR,DC,auto_aprobado,2026-08-03
28100007511,RAMBLER COLSTER 2.0 WHT: NFL VIKINGS,REGULAR,DC,auto_aprobado,2026-08-03
28100007586,YETI FLASK RED B: NCAA IOWA STATE,REGULAR,DC,auto_aprobado,2026-08-03
28100007635,RAMBLER 16 OZ STK MS BLK:NCAA S.CAROLINA,REGULAR,DC,auto_aprobado,2026-08-03
28100007637,RAMBLER 20 OZ MS BLK: NCAA SOUTHCAROLINA,REGULAR,DC,auto_aprobado,2026-08-03
28100007640,YETI FLASK BLK: NCAA SOUTH CAROLINA,REGULAR,DC,auto_aprobado,2026-08-03
28100009537,RAMBLER 26OZ CHUG BTL BLUE E: NFL BILLS,REGULAR,DC,auto_aprobado,2026-08-03
28100009541,RAMBLER 26OZ CHUG BTL NAVY: NFL BEARS,REGULAR,DC,auto_aprobado,2026-08-03
28100009542,RAMBLER 26OZ CHUG BTL ORANGEA: NFL BEARS,REGULAR,DC,auto_aprobado,2026-08-03
28100009547,RAMBLER 26OZ CHUG BTL NVA: NFL COWBOYS,REGULAR,DC,auto_aprobado,2026-08-03
28100009548,RAMBLER 26OZ CHUG BTL WHT: NFL COWBOYS,REGULAR,DC,auto_aprobado,2026-08-03
28100009549,RAMBLER 26OZ CHUG BTL NAVY: NFL BRONCOS,REGULAR,DC,auto_aprobado,2026-08-03
28100009550,RAMBLER 26OZ CHUG BTL ORNGB: NFL BRONCOS,REGULAR,DC,auto_aprobado,2026-08-03
28100009552,RAMBLER 26OZ CHUG BTL BLUE D: NFL LIONS,REGULAR,DC,auto_aprobado,2026-08-03
28100009553,RAMBLER 26OZ CHUG BTL GRN C: NFL PACKERS,REGULAR,DC,auto_aprobado,2026-08-03
28100009554,RAMBLER 26OZ CHUG BTL WHT: NFL PACKERS,REGULAR,DC,auto_aprobado,2026-08-03
28100009561,RAMBLER 26OZ CHUG BTL RR: NFL CHIEFS,REGULAR,DC,auto_aprobado,2026-08-03
28100009562,RAMBLER 26OZ CHUG BTL WHT: NFL CHIEFS,REGULAR,DC,auto_aprobado,2026-08-03
28100009563,RAMBLER 26OZ CHUG BTL BLK: NFL RAIDERS,REGULAR,DC,auto_aprobado,2026-08-03
28100009571,RAMBLER 26OZ CHUG BTL PRPLA: NFL VIKINGS,REGULAR,DC,auto_aprobado,2026-08-03
28100009572,RAMBLER 26OZ CHUG BTL WHT: NFL VIKINGS,REGULAR,DC,auto_aprobado,2026-08-03
28100009582,RAMBLER 26OZ CHUG BTL GRND: NFL EAGLES,REGULAR,DC,auto_aprobado,2026-08-03
28100009583,RAMBLER 26OZ CHUG BTL BLK: NFL STEELERS,REGULAR,DC,auto_aprobado,2026-08-03
28100009584,RAMBLER 26OZ CHUG BTL YLWB: NFL STEELERS,REGULAR,DC,auto_aprobado,2026-08-03
28100009586,RAMBLER 26OZ CHUG BTL RED B: NFL 49ERS,REGULAR,DC,auto_aprobado,2026-08-03
28100009587,RAMBLER 26OZ CHUG BTL GRNE: NFL SEAHAWKS,REGULAR,DC,auto_aprobado,2026-08-03
28100009588,RAMBLER 26OZ CHUG BTL NAVY: NFL SEAHAWKS,REGULAR,DC,auto_aprobado,2026-08-03
28100009796,RAMBLER 30 OZ TUMBLER BLUE E: NFL BILLS,REGULAR,DC,auto_aprobado,2026-08-03
28100009801,RAMBLER 30 OZ TUMBLR ORANGE A: NFL BEARS,REGULAR,DC,auto_aprobado,2026-08-03
28100009806,RAMBLER 30 OZ TUMBLER NVA: NFL COWBOYS,REGULAR,DC,auto_aprobado,2026-08-03
28100009807,RAMBLER 30 OZ TUMBLER WHITE: NFL COWBOYS,REGULAR,DC,auto_aprobado,2026-08-03
28100009808,RAMBLER 30 OZ TUMBLER NAVY: NFL BRONCOS,REGULAR,DC,auto_aprobado,2026-08-03
28100009809,RAMBLER 30 OZ TUMBLR ORNG B: NFL BRONCOS,REGULAR,DC,auto_aprobado,2026-08-03
28100009811,RAMBLER 30 OZ TUMBLER BLUE D: NFL LIONS,REGULAR,DC,auto_aprobado,2026-08-03
28100009812,RAMBLER 30 OZ TUMBLER GRN C: NFL PACKERS,REGULAR,DC,auto_aprobado,2026-08-03
28100009813,RAMBLER 30 OZ TUMBLER WHITE: NFL PACKERS,REGULAR,DC,auto_aprobado,2026-08-03
28100009820,RAMBLER 30 OZ TUMBLR RR: NFL CITY CHIEFS,REGULAR,DC,auto_aprobado,2026-08-03
28100009821,RAMBLER 30 OZ TUMBLER WHITE: NFL CHIEFS,REGULAR,DC,auto_aprobado,2026-08-03
28100009823,RAMBLER 30 OZ TUMBLR GRAY A: NFL RAIDERS,REGULAR,DC,auto_aprobado,2026-08-03
28100009830,RAMBLER 30 OZ TUMBLER PRPLA: NFL VIKINGS,REGULAR,DC,auto_aprobado,2026-08-03
28100009831,RAMBLER 30 OZ TUMBLER WHITE: NFL VIKINGS,REGULAR,DC,auto_aprobado,2026-08-03
28100009841,RAMBLER 30 OZ TUMBLER GRN D: NFL EAGLES,REGULAR,DC,auto_aprobado,2026-08-03
28100009843,RAMBLER 30 OZ TUMBLER YLWB: NFL STEELERS,REGULAR,DC,auto_aprobado,2026-08-03
28100009845,RAMBLER 30 OZ TUMBLER RED B: NFL 49ERS,REGULAR,DC,auto_aprobado,2026-08-03
28100009846,RAMBLER 30 OZ TUMBLR GRN E: NFL SEAHAWKS,REGULAR,DC,auto_aprobado,2026-08-03
28100009966,RAMBLER 20 OZ MS GREEN E: NFL SEAHAWKS-2,REGULAR,DC,auto_aprobado,2026-08-03
28100009967,RAMBLER COLSTER 2.0 GREENE:NFLSEAHAWKS-2,REGULAR,DC,auto_aprobado,2026-08-03
70000008911,INTL RAMBLER 18 OZ BTTLCHSS:51CNWB486SLA,REGULAR,SS,auto_aprobado,2026-08-03
70000008912,INTL RAMBLER 20 OZ STK SS: 51CNMG488SLA,REGULAR,SS,auto_aprobado,2026-08-03
70000008913,INTL RAMBLER 14 OZ MUG2.0SS:51CNMG487SLA,REGULAR,SS,auto_aprobado,2026-08-03
21070060038,RAMBLER 20 OZ TUMBLER MS CUSTOM WHITE,REGULAR,DC,auto_aprobado,2026-08-07
21071499972,BOOMER 4 DOG BOWL CUSTOM NAVY,REGULAR,DC,auto_aprobado,2026-08-07
21071500617,RAMBLER 24 OZ MUG MS CUSTOM SS,REGULAR,SS,auto_aprobado,2026-08-07
21071502003,RAMBLER 1 G JUG 2.0 CUSTOM NAVY,REGULAR,DC,auto_aprobado,2026-08-07
21071502294,RAMBLER 30 OZ TRAVEL MUG CUSTOM NAVY,REGULAR,DC,auto_aprobado,2026-08-07
21071503069,RAMBLER BEVERAGE BUCKET CSTMTROPICALPINK,BUCKET,DC,auto_aprobado,2026-08-07
21071503676,RAMBLER 1 G JUG 2.0 CUSTOM SS,REGULAR,SS,auto_aprobado,2026-08-07
21071503879,RAMBLER 20 OZ TRAVEL MUG CUSTOM RESCRED,REGULAR,DC,auto_aprobado,2026-08-07
21071503933,RAMBLER 10 OZ TUMBLER MS CUSTOM SEAFOAM,REGULAR,DC,auto_aprobado,2026-08-07
21071503937,RAMBLER 10 OZ TUMBLER MS CSTM RESCUE RED,REGULAR,DC,auto_aprobado,2026-08-07
21071504019,RAMBLER 10 OZ LOWBALL 2.0 MS CSTRESCURED,REGULAR,DC,auto_aprobado,2026-08-07
21071504123,RAMBLER 46 OZ BOTTLE CHUG CSTM RESCUERED,REGULAR,DC,auto_aprobado,2026-08-07
21071505173,RAMBLER 20 OZ TRAVEL MUG CSTM CH BLOSSOM,REGULAR,DC,auto_aprobado,2026-08-07
21071505179,RAMBLER 12 OZ TRAVEL BOTTLE CSTM SS,REGULAR,SS,auto_aprobado,2026-08-07
21071505192,RAMBLER 20 OZ TUMBLER MS CSTM BEEKEEPER,REGULAR,DC,auto_aprobado,2026-08-07
21071505579,RAMBLER 30 OZ TUMBLER MS CUSTOM LC PEACH,REGULAR,DC,auto_aprobado,2026-08-07
21071506090,RAMBLER 26 OZ C STRAW BOTTLE CSTCBLOSSOM,REGULAR,DC,auto_aprobado,2026-08-07
21071506101,RAMBLER 30 OZ TUMBLER MS CST SOLAR FLARE,REGULAR,DC,auto_aprobado,2026-08-07
21071506286,RAMBLER 12 OZ TRAVEL BOTTLE CST CP TAUPE,REGULAR,DC,auto_aprobado,2026-08-07
21071506566,RAMBLER 20 OZ TUMBLER MS CSTM BLUE H,REGULAR,DC,auto_aprobado,2026-08-07
21071506575,RAMBLER 20 OZ TUMBLER MS CSTM GOLD A,REGULAR,DC,auto_aprobado,2026-08-07
21071506592,RAMBLER 16 OZ STK MS CSTM BROWN A,REGULAR,DC,auto_aprobado,2026-08-07
21071506598,RAMBLER 16 OZ STK MS CSTM BLUE H,REGULAR,DC,auto_aprobado,2026-08-07
21071506610,RAMBLER 16 OZ STK MS CSTM GREEN D,REGULAR,DC,auto_aprobado,2026-08-07
21071506617,RAMBLER 18 OZ BOTTLE CHUG CSTM RED C,REGULAR,DC,auto_aprobado,2026-08-07
21071506624,RAMBLER 18 OZ BOTTLE CHUG CSTM BROWN A,REGULAR,DC,auto_aprobado,2026-08-07
21071506627,RAMBLER 18 OZ BOTTLE CHUG CSTM BLUE D,REGULAR,DC,auto_aprobado,2026-08-07
21071506634,RAMBLER 18 OZ BOTTLE CHUG CSTM BLUE C,REGULAR,DC,auto_aprobado,2026-08-07
21071506637,RAMBLER 18 OZ BOTTLE CHUG CSTM PURPLE A,REGULAR,DC,auto_aprobado,2026-08-07
21071506641,RAMBLER 18 OZ BOTTLE CHUG CSTM GREEN B,REGULAR,DC,auto_aprobado,2026-08-07
21071506643,RAMBLER 18 OZ BOTTLE CHUG CSTM YELLOW B,REGULAR,DC,auto_aprobado,2026-08-07
21071506659,RAMBLER COLSTER 2.0 CSTM BLUE D,REGULAR,DC,auto_aprobado,2026-08-07
21071506666,RAMBLER COLSTER 2.0 CSTM BLUE C,REGULAR,DC,auto_aprobado,2026-08-07
21071507066,RAMBLER 40 OZ TRAVEL STR MUG CSTBLACK,REGULAR,DC,auto_aprobado,2026-08-07
21071507085,RAMBLER 40 OZ TRAVEL STR MUG CSTM SEASTN,REGULAR,DC,auto_aprobado,2026-08-07
21071507088,RAMBLER 8 OZ TRAVEL BOTTLE CSTM WHITE,REGULAR,DC,auto_aprobado,2026-08-07
21071507094,RAMBLER 8 OZ TRAVEL BOTTLE CST CAPETAUPE,REGULAR,DC,auto_aprobado,2026-08-07
21071507289,RAMBLER 20 OZ STK MS CSTM SEA STONE,REGULAR,DC,auto_aprobado,2026-08-07
21071507577,RAMBLER 20 OZ TUMBLER MS CST SOLAR FLARE,REGULAR,DC,auto_aprobado,2026-08-07
21071507584,RAMBLER 8 OZ TRAVEL BOTTLE CST ROYALBLUE,REGULAR,DC,auto_aprobado,2026-08-07
21071507679,RAMBLER 24 OZ MUG MS CSTM RIDGELINE,REGULAR,DC,auto_aprobado,2026-08-07
21071507698,RAMBLER 8 OZ TRAVEL BOTTLE CST RIDGELINE,REGULAR,DC,auto_aprobado,2026-08-07
21071508049,RAMBLER 18 OZ BOTTLE CHUG CSTM KING CRAB,REGULAR,DC,auto_aprobado,2026-08-07
21071508743,RAMBLER 20 OZ STK MS CSTM RED/BADGE,REGULAR,DC,auto_aprobado,2026-08-07
21071508746,RAMBLER 16 OZ STK MS CSTM RED/BADGE,REGULAR,DC,auto_aprobado,2026-08-07
21071508748,RAMBLER 16 OZ STK MS CSTM NAVY/BADGE,REGULAR,DC,auto_aprobado,2026-08-07
21071508868,RAMBLER COLSTER SLIM CSTM RIDGELINE,REGULAR,DC,auto_aprobado,2026-08-07
21071510238,RAMBLER 36 OZ BOTTLE CHUG CSTM BLUE CAMO,REGULAR,DC,auto_aprobado,2026-08-07
21071510241,RAMBLER 12 OZ TRAVEL BOTTLE CST BLUECAMO,REGULAR,DC,auto_aprobado,2026-08-07
28000005736,RAMBLER 20 OZ MS SS: JOHN DEERE,REGULAR,SS,auto_aprobado,2026-08-07
28000005742,RAMBLER 26 OZ CHUG SS: JOHN DEERE,REGULAR,SS,auto_aprobado,2026-08-07
28000009734,RAMBLER 20 OZ MS BLUE E: NCAAAIRFORCE AC,REGULAR,DC,auto_aprobado,2026-08-07
28000009735,RAMBLER 16 OZ STK BLUE E:NCAAAIRFORCE AC,REGULAR,DC,auto_aprobado,2026-08-07
28100005280,RAMBLER 64 OZ BOTTLE CHUG WHT: J.DEERE,REGULAR,DC,auto_aprobado,2026-08-07
28100006777,RAMBLER 18 OZ CHUG NAVY A: MLB YANKEES,REGULAR,DC,auto_aprobado,2026-08-07
28100006927,RAMBLER 20 OZ MS BLK: NCAA WAKE FOREST,REGULAR,DC,auto_aprobado,2026-08-07
28100006969,RAMBLER 20 OZ MS BLUE E: NCAA KENTUCKY,REGULAR,DC,auto_aprobado,2026-08-07
28100006976,RAMBLER 20 OZ MS CLY: NCAA TEXAS,REGULAR,DC,auto_aprobado,2026-08-07
28100007031,RAMBLER 20 OZ MS PURPLE A: NCAA TCU,REGULAR,DC,auto_aprobado,2026-08-07
28100007062,RAMBLER 20 OZ MS RRD: NCAA NEBRASKA,REGULAR,DC,auto_aprobado,2026-08-07
28100007100,RAMBLER 20 OZ MS WHT: NCAA UNC,REGULAR,DC,auto_aprobado,2026-08-07
28100007115,RAMBLER 20 OZ MS WVR: NCAA ARIZONA ST,REGULAR,DC,auto_aprobado,2026-08-07
28100007435,RAMBLER COLSTER 2.0 PURPLEA:NCAAKANSASST,REGULAR,DC,auto_aprobado,2026-08-07
21070060036,RAMBLER 20 OZ TUMBLER MS CUSTOM NAVY,REGULAR,DC,auto_aprobado,2026-08-10
21071300106,RAMBLER 30 OZ TUMBLER MS CUSTOM BLACK,REGULAR,DC,auto_aprobado,2026-08-10
21071502282,RAMBLER 20 OZ TRAVEL MUG CUSTOM WHITE,REGULAR,DC,auto_aprobado,2026-08-10
21071502292,RAMBLER 30 OZ TRAVEL MUG CUSTOM WHITE,REGULAR,DC,auto_aprobado,2026-08-10
21071504378,RAMBLER 24 OZ MUG MS CUSTOM RESCUE RED,REGULAR,DC,auto_aprobado,2026-08-10
21071505674,BOOMER 4 DOG BOWL CUSTOM WETLANDS CAMO,REGULAR,DC,auto_aprobado,2026-08-10
21071506261,BOOMER 8 DOG BOWL CSTM SOLAR FLARE,REGULAR,DC,auto_aprobado,2026-08-10
21071506560,RAMBLER 20 OZ TUMBLER MS CSTM BROWN A,REGULAR,DC,auto_aprobado,2026-08-10
21071506569,RAMBLER 20 OZ TUMBLER MS CSTM GRAY A,REGULAR,DC,auto_aprobado,2026-08-10
21071506599,RAMBLER 16 OZ STK MS CSTM TEAL C,REGULAR,DC,auto_aprobado,2026-08-10
21071506671,RAMBLER COLSTER 2.0 CSTM GOLD A,REGULAR,DC,auto_aprobado,2026-08-10
21071506697,RAMBLER 42 OZ STRAW MUG CSTM GRAY A,REGULAR,DC,auto_aprobado,2026-08-10
21071507285,RAMBLER 16 OZ STK MS CSTM VENOM,REGULAR,DC,auto_aprobado,2026-08-10
21071507437,RAMBLER 14 OZ CL MUG 2.0 MS CSTM CHBLSSM,REGULAR,DC,auto_aprobado,2026-08-10
21071507578,RAMBLER 16 OZ STK MS CSTM SOLAR FLARE,REGULAR,DC,auto_aprobado,2026-08-10
21071507699,RAMBLER 12 OZ TRAVEL BOTTLE CSTM RDGLINE,REGULAR,DC,auto_aprobado,2026-08-10
21071508047,RAMBLER 16 OZ STK MS CSTM HARVEST RED,REGULAR,DC,auto_aprobado,2026-08-10
21071508051,RAMBLER 42 OZ STRAW MUG CSTM HARVEST RED,REGULAR,DC,auto_aprobado,2026-08-10
21071508053,RAMBLER COLSTER 2.0 CSTM BEEKEEPER,REGULAR,DC,auto_aprobado,2026-08-10
21071508749,RAMBLER 26 OZ BTL C CHUG CST N/W/R/BADGE,REGULAR,DC,auto_aprobado,2026-08-10
21071508756,RAMBLER 16 OZ FOOD JAR CSTM OLIVE/KCO,REGULAR,DC,auto_aprobado,2026-08-10
21071508757,RAMBLER 24 OZ FOOD JAR CSTM OLIVE/KCO,REGULAR,DC,auto_aprobado,2026-08-10
21071509182,RAMBLER 1/2 G JUG 2.0 CSTM OLIVE,REGULAR,DC,auto_aprobado,2026-08-10
21071510184,RAMBLER 26 OZ BOTTLE FC CSTM CAPE TAUPE,REGULAR,DC,auto_aprobado,2026-08-10
28000005745,RAMBLER 36 OZ CHUG SS: JOHN DEERE,REGULAR,SS,auto_aprobado,2026-08-10
28000008502,RAMBLER 20 OZ MS WHT: JOHN DEERE,REGULAR,DC,auto_aprobado,2026-08-10
28000008507,RAMBLER 26 OZ CHUG BLACK: JOHN DEERE,REGULAR,DC,auto_aprobado,2026-08-10
28000008509,RAMBLER 36 OZ CHUG BLACK: JOHN DEERE,REGULAR,DC,auto_aprobado,2026-08-10
28000009636,RAMBLER 30 OZ TMBLR M SPVD JDG:JOHNDEERE,REGULAR,DC,auto_aprobado,2026-08-10
28000009712,Rambler Colster 2.0 Rrd: NCAA Wisconsin,REGULAR,DC,auto_aprobado,2026-08-10
28000009715,Rambler Colster 2.0 Blk: Oklahoma St Cow,REGULAR,DC,auto_aprobado,2026-08-10
28000009799,Rambler 35oz StrMg 2.0 RdB: NCAA Alabama,REGULAR,DC,auto_aprobado,2026-08-10
28000009801,Rambler 35oz StrMg 2.0 NVY: NCAA Arizona,REGULAR,DC,auto_aprobado,2026-08-10
28000009802,Rambler 35oz StrM2.0 WVR: NCAA ArizonaSt,REGULAR,DC,auto_aprobado,2026-08-10
28000009803,Rambler 35oz StrM 2.0 RdB: NCAA Arkansas,REGULAR,DC,auto_aprobado,2026-08-10
28000009804,Rambler 35oz Straw Mg 2.0 BLK: NCAA Army,REGULAR,DC,auto_aprobado,2026-08-10
28000009806,Rambler 35oz StrM 2.0 BLK: NCAA CntrFlrd,REGULAR,DC,auto_aprobado,2026-08-10
28000009807,Rambler 35oz StrM2.0 RR: NCAA Cincinnati,REGULAR,DC,auto_aprobado,2026-08-10
28000009809,Rambler 35oz StrM 2.0 BLK: NCAA Colorado,REGULAR,DC,auto_aprobado,2026-08-10
28000009810,Rambler 35oz StrMg 2.0 BlE: NCAA Florida,REGULAR,DC,auto_aprobado,2026-08-10
28000009812,Rambler 35oz StrM2.0 HrR: NCAA FloridaSt,REGULAR,DC,auto_aprobado,2026-08-10
28000009813,Rambler 35oz StrMg 2.0 BLK: NCAA Georgia,REGULAR,DC,auto_aprobado,2026-08-10
28000009815,Rambler 35oz StrM 2.0 NVY: NCAA Illinois,REGULAR,DC,auto_aprobado,2026-08-10
28000009816,Rambler 35oz StrMg 2.0 WHT: NCAA Indiana,REGULAR,DC,auto_aprobado,2026-08-10
28000009817,Rambler 35oz Str Mg 2.0 BLK: NCAA NCAA,REGULAR,DC,auto_aprobado,2026-08-10
28000009818,Rambler 35oz Str Mg 2.0 RdB: NCAA IowaSt,REGULAR,DC,auto_aprobado,2026-08-10
28000009819,Rambler 35oz Str Mg 2.0 BlE: NCAA Kansas,REGULAR,DC,auto_aprobado,2026-08-10
28000009821,Rambler 35oz StrM 2.0 BlE: NCAA Kentucky,REGULAR,DC,auto_aprobado,2026-08-10
28000009824,Rambler 35oz Str M 2.0 RR: NCAA Maryland,REGULAR,DC,auto_aprobado,2026-08-10
28000009825,Rambler 35oz Str Mg 2.0 OrnB: NCAA Miami,REGULAR,DC,auto_aprobado,2026-08-10
28000009826,Rambler 35oz StrM 2.0 NVY: NCAA Michigan,REGULAR,DC,auto_aprobado,2026-08-10
28000009827,Rambler 35oz StrM 2.0 WHT: NCAA Michigan,REGULAR,DC,auto_aprobado,2026-08-10
28000009828,Rambler 35oz Str Mg 2.0 BLK: NCAA State,REGULAR,DC,auto_aprobado,2026-08-10
28000009829,Rambler 35oz Str Mg 2.0 WHT: NCAA State,REGULAR,DC,auto_aprobado,2026-08-10
28000009830,Rambler 35oz Str Mg 2.0 NVY: NCAA Mssssp,REGULAR,DC,auto_aprobado,2026-08-10
28000009831,Rambler 35oz StrM 2.0 WVR: NCAA MssssppS,REGULAR,DC,auto_aprobado,2026-08-10
28000009832,Rambler 35oz Str Mg 2.0 RRd: NCAA State,REGULAR,DC,auto_aprobado,2026-08-10
28000009833,Rambler 35oz Str M 2.0 RR: NCAA Nebraska,REGULAR,DC,auto_aprobado,2026-08-10
28000009834,Rambler 35oz Str Mg 2.0 RR: NCAA Ohio St,REGULAR,DC,auto_aprobado,2026-08-10
28000009835,Rambler 35oz Str Mg 2.0 WHT: NCAA OhioSt,REGULAR,DC,auto_aprobado,2026-08-10
28000009836,Rambler 35oz StrM 2.0 RdB: NCAA Oklahoma,REGULAR,DC,auto_aprobado,2026-08-10
28000009837,Rambler 35oz Str Mg 2.0 BLK: NCAA Oregon,REGULAR,DC,auto_aprobado,2026-08-10
28000009838,Rambler 35oz Str Mg 2.0 WHT: NCAA Oregon,REGULAR,DC,auto_aprobado,2026-08-10
28000009839,Rambler 35oz Str Mg 2.0 NVY: NCAA PennSt,REGULAR,DC,auto_aprobado,2026-08-10
28000009840,Rambler 35oz Str Mg 2.0 WHT: NCAA PennSt,REGULAR,DC,auto_aprobado,2026-08-10
28000009842,Rambler 35oz Str Mg 2.0 BLK: NCAA Purdue,REGULAR,DC,auto_aprobado,2026-08-10
28000009843,Rambler 35oz StrM 2.0 BLK: NCAA Sth Crln,REGULAR,DC,auto_aprobado,2026-08-10
28000009844,Rambler 35oz StrMg 2 KCO: NCAA Tennessee,REGULAR,DC,auto_aprobado,2026-08-10
28000009846,Rambler 35oz Str Mg 2.0 Clay: NCAA Texas,REGULAR,DC,auto_aprobado,2026-08-10
28000009848,Rambler 35oz Str Mg 2.0 MrnB: NCAA A&M,REGULAR,DC,auto_aprobado,2026-08-10
28000009852,Rambler 35oz Str Mg 2.0 BLK: NCAA UNC,REGULAR,DC,auto_aprobado,2026-08-10
28000009853,Rambler 35oz Str Mg 2.0 WHT: NCAA UNC,REGULAR,DC,auto_aprobado,2026-08-10
28000009854,Rambler 35oz Str Mg 2.0 RedB: NCAA USC,REGULAR,DC,auto_aprobado,2026-08-10
28000009855,Rambler 35oz StrM 2.0 NVY: NCAA Virginia,REGULAR,DC,auto_aprobado,2026-08-10
28000009856,Rambler 35oz StrM 2.0 RdC: NCAA VrgnTech,REGULAR,DC,auto_aprobado,2026-08-10
28000009859,Rambler 35oz StrMg 2 RdB: NCAA WshngtnSt,REGULAR,DC,auto_aprobado,2026-08-10
28000009860,Rambler 35oz StrM 2 BKY: NCAA WVirginia,REGULAR,DC,auto_aprobado,2026-08-10
28000009867,Rambler Colster 2.0 Nvy: Notre Dame,REGULAR,DC,auto_aprobado,2026-08-10
28000009874,Rambler 26oz Chug Btl NvA: NCAA Auburn,REGULAR,DC,auto_aprobado,2026-08-10
28000009875,Rambler 26oz Chg BtlBLK: NCAA CenFlorida,REGULAR,DC,auto_aprobado,2026-08-10
28000009878,Rambler 26oz Chug Btl BLK: NCAA Colorado,REGULAR,DC,auto_aprobado,2026-08-10
28000009879,Rambler 26oz Chug Btl BlE: NCAA Florida,REGULAR,DC,auto_aprobado,2026-08-10
28000009882,Rambler 26oz Chug Btl BLK: NCAA Georgia,REGULAR,DC,auto_aprobado,2026-08-10
28000009885,Rambler 26oz Chug Btl WHT: NCAA Indiana,REGULAR,DC,auto_aprobado,2026-08-10
28000009886,Rambler 26oz Chug Btl BLK: NCAA NCAA,REGULAR,DC,auto_aprobado,2026-08-10
28000009888,Rambler 26oz Chug Btl BlueE: NCAA Kansas,REGULAR,DC,auto_aprobado,2026-08-10
28000009890,Rambler 26oz Chug Btl BlE: NCAA Kentucky,REGULAR,DC,auto_aprobado,2026-08-10
28000009891,Rambler 26oz Chug Btl Purple A: NCAA LSU,REGULAR,DC,auto_aprobado,2026-08-10
28000009895,Rambler 26oz Chug Btl NVY: NCAA Michigan,REGULAR,DC,auto_aprobado,2026-08-10
28000009896,Rambler 26oz Chug Btl WHT: NCAA Michigan,REGULAR,DC,auto_aprobado,2026-08-10
28000009897,Rambler 26oz Chug Btl BLK: NCAA State,REGULAR,DC,auto_aprobado,2026-08-10
28000009899,Rambler 26oz Chg B NVY: NCAA Mississippi,REGULAR,DC,auto_aprobado,2026-08-10
28000009902,Rambler 26oz Chug Btl RRd: NCAA Nebraska,REGULAR,DC,auto_aprobado,2026-08-10
28000009903,Rambler 26oz Chug Btl RR: NCAA OhioState,REGULAR,DC,auto_aprobado,2026-08-10
28000009904,Rambler 26oz Chug Bt WHT: NCAA OhioState,REGULAR,DC,auto_aprobado,2026-08-10
28000009905,Rambler 26oz Chug Btl RdB: NCAA Oklahoma,REGULAR,DC,auto_aprobado,2026-08-10
28000009906,Rambler 26oz Chug Btl BLK: NCAA Oregon,REGULAR,DC,auto_aprobado,2026-08-10
28000009912,Rambler 26oz Chug Btl BLK: NCAASouthCrln,REGULAR,DC,auto_aprobado,2026-08-10
28000009913,Rambler 26oz Chug Bt KCO: NCAA Tennessee,REGULAR,DC,auto_aprobado,2026-08-10
28000009915,Rambler 26oz Chug Btl Clay: NCAA Texas,REGULAR,DC,auto_aprobado,2026-08-10
28000009916,Rambler 26oz Chug Btl WHT: NCAA Texas,REGULAR,DC,auto_aprobado,2026-08-10
28000009921,Rambler 26oz Chug Btl BLK: NCAA UNC,REGULAR,DC,auto_aprobado,2026-08-10
28000009923,Rambler 26oz Chug Btl RedB: NCAA USC,REGULAR,DC,auto_aprobado,2026-08-10
28000009931,Rambler 30 oz Tumbler RedB: NCAA Alabama,REGULAR,DC,auto_aprobado,2026-08-10
28000009937,Rambler 30 oz Tumbler NvA: NCAA Auburn,REGULAR,DC,auto_aprobado,2026-08-10
28000009941,Rambler 30 oz Tumbler BLK: NCAA Colorado,REGULAR,DC,auto_aprobado,2026-08-10
28000009942,Rambler 30 oz Tumbler BlE: NCAA Florida,REGULAR,DC,auto_aprobado,2026-08-10
28000009944,Rambler 30 oz Tumbl HrRd: NCAA FloridaSt,REGULAR,DC,auto_aprobado,2026-08-10
28000009948,Rambler 30 oz Tumbler WHT: NCAA Indiana,REGULAR,DC,auto_aprobado,2026-08-10
28000009949,Rambler 30 oz Tumbler BLK: NCAA NCAA,REGULAR,DC,auto_aprobado,2026-08-10
28000009953,Rambler 30 oz Tumblr Bl E: NCAA Kentucky,REGULAR,DC,auto_aprobado,2026-08-10
28000009954,Rambler 30 oz Tumbler Purple A: NCAA LSU,REGULAR,DC,auto_aprobado,2026-08-10
28000009957,Rambler 30 oz Tumbler OrngB: NCAA Miami,REGULAR,DC,auto_aprobado,2026-08-10
28000009958,Rambler 30 oz Tumbler NVY: NCAA Michigan,REGULAR,DC,auto_aprobado,2026-08-10
28000009959,Rambler 30 oz Tumbler WHT: NCAA Michigan,REGULAR,DC,auto_aprobado,2026-08-10
28000009960,Rambler 30 oz Tumbler BLK: NCAA State,REGULAR,DC,auto_aprobado,2026-08-10
28000009965,Rambler 30 oz Tumbler RRd: NCAA Nebraska,REGULAR,DC,auto_aprobado,2026-08-10
28000009966,Rambler 30 oz Tumbl RRd: NCAA Ohio State,REGULAR,DC,auto_aprobado,2026-08-10
28000009967,Rambler 30 oz Tumbl WHT: NCAA Ohio State,REGULAR,DC,auto_aprobado,2026-08-10
28000009968,Rambler 30 oz Tumbl RedB: NCAA Oklahoma,REGULAR,DC,auto_aprobado,2026-08-10
28000009969,Rambler 30 oz Tumbler BLK: NCAA Oregon,REGULAR,DC,auto_aprobado,2026-08-10
28000009970,Rambler 30 oz Tumbler WHT: NCAA Oregon,REGULAR,DC,auto_aprobado,2026-08-10
28000009971,Rambler 30 oz Tumbl NVY: NCAA Penn State,REGULAR,DC,auto_aprobado,2026-08-10
28000009975,RAMBLER 30 OZ TUMBLER BLK: NCAA STH CRLN,REGULAR,DC,auto_aprobado,2026-08-10
28000009978,Rambler 30 oz Tumbler Clay: NCAA Texas,REGULAR,DC,auto_aprobado,2026-08-10
28000009984,Rambler 30 oz Tumbler BLK: NCAA UNC,REGULAR,DC,auto_aprobado,2026-08-10
28000009985,Rambler 30 oz Tumbler WHT: NCAA UNC,REGULAR,DC,auto_aprobado,2026-08-10
28000009986,Rambler 30 oz Tumbler RedB: NCAA USC,REGULAR,DC,auto_aprobado,2026-08-10
28000009992,Rambler 30 oz Tumblr BKY: NCAA WVirginia,REGULAR,DC,auto_aprobado,2026-08-10
28100005276,RAMBLER COLSTER 2.0 WHT: J.DEERE,REGULAR,DC,auto_aprobado,2026-08-10
28100006539,Rambler 16 oz STK Blk: NCAA Cent Florida,REGULAR,DC,auto_aprobado,2026-08-10
28100006541,Rambler 16 oz STK Blue B: NFL Panthers,REGULAR,DC,auto_aprobado,2026-08-10
28100006545,Rambler 16 oz STK MS Bfg: MLB Athletics,REGULAR,DC,auto_aprobado,2026-08-10
28100006546,Rambler 16 oz STK MS Bkp:NCAA W Virginia,REGULAR,DC,auto_aprobado,2026-08-10
28100006548,Rambler 16 oz STK MS Blk: MLB Giants,REGULAR,DC,auto_aprobado,2026-08-10
28100006550,Rambler 16 oz STK MS Blk: MLB Orioles,REGULAR,DC,auto_aprobado,2026-08-10
28100006553,Rambler 16 oz STK MS Blk: NCAA Army,REGULAR,DC,auto_aprobado,2026-08-10
28100006555,Rambler 16 oz STK MS Wht: NCAA Florida,REGULAR,DC,auto_aprobado,2026-08-10
28100006557,Rambler 16 oz STK MS Blk: NCAA Iowa,REGULAR,DC,auto_aprobado,2026-08-10
28100006558,Rambler 16 oz STK MS Blk: NCAA Oregon,REGULAR,DC,auto_aprobado,2026-08-10
28100006560,Rambler 16 oz STK MS Blk: NCAA UNC,REGULAR,DC,auto_aprobado,2026-08-10
28100006566,Rambler 16 oz STK MS Blk: NFL Falcons,REGULAR,DC,auto_aprobado,2026-08-10
28100006568,Rambler 16 oz STK MS Blk: NFL Jets,REGULAR,DC,auto_aprobado,2026-08-10
28100006569,Rambler 16 oz STK MS Blk: NFL Lions,REGULAR,DC,auto_aprobado,2026-08-10
28100006571,Rambler 16 oz STK MS Blk: NFL Raiders,REGULAR,DC,auto_aprobado,2026-08-10
28100006575,Rambler 16 oz STK MS Blk: NFL Steelers,REGULAR,DC,auto_aprobado,2026-08-10
28100006577,Rambler 16 oz STK MS Blk: NHL Blackhawks,REGULAR,DC,auto_aprobado,2026-08-10
28100006578,Rambler 16 oz STK MS Blk: NHL Devils,REGULAR,DC,auto_aprobado,2026-08-10
28100006581,Rambler 16 oz STK MS Blue D: NFL Lions,REGULAR,DC,auto_aprobado,2026-08-10
28100006583,Rambler 16 oz STK MS Blue E: MLB Dodgers,REGULAR,DC,auto_aprobado,2026-08-10
28100006592,Rambler 16 oz STK MS Brown A: MLB Padres,REGULAR,DC,auto_aprobado,2026-08-10
28100006593,Rambler 16 oz STK MS Brown A: NFL Browns,REGULAR,DC,auto_aprobado,2026-08-10
28100006598,RAMBLER 16 OZ STK MS GREEN C: NFLPACKERS,REGULAR,DC,auto_aprobado,2026-08-10
28100006611,Rambler 16 oz STK MS Nvy: MLB Astros,REGULAR,DC,auto_aprobado,2026-08-10
28100006612,Rambler 16 oz STK MS Nvy: MLB Blue Jays,REGULAR,DC,auto_aprobado,2026-08-10
28100006613,Rambler 16 oz STK MS Nvy: MLB Brewers,REGULAR,DC,auto_aprobado,2026-08-10
28100006616,Rambler 16 oz STK MS Nvy: MLB Rangers,REGULAR,DC,auto_aprobado,2026-08-10
28100006625,RAMBLER 16 OZ STK MS NVY: NFL BRONCOS,REGULAR,DC,auto_aprobado,2026-08-10
28100006631,Rambler 16 oz STK MS Orange B: MLB Mets,REGULAR,DC,auto_aprobado,2026-08-10
28100006634,Rambler 16 oz STK MS OrngB:NCAAMiami(FL),REGULAR,DC,auto_aprobado,2026-08-10
28100006637,Rambler 16 oz STK MS Purple A: NCAA TCU,REGULAR,DC,auto_aprobado,2026-08-10
28100006639,Rambler 16 oz STK MS PurpleB:NFLRavens,REGULAR,DC,auto_aprobado,2026-08-10
28100006643,Rambler 16 oz STK MS Red B: NCAA USC,REGULAR,DC,auto_aprobado,2026-08-10
28100006647,Rambler 16 oz STK MS Red B: NFL Bucs,REGULAR,DC,auto_aprobado,2026-08-10
28100006653,Rambler 16 oz STK MS Rrd: MLB Phillies,REGULAR,DC,auto_aprobado,2026-08-10
28100006654,Rambler 16 oz STK MS Rrd: MLB Reds,REGULAR,DC,auto_aprobado,2026-08-10
28100006664,Rambler 16 oz STK MS Rrd: NHL Red Wings,REGULAR,DC,auto_aprobado,2026-08-10
28100006665,Rambler 16 oz STK MS Teal B: NFLDolphins,REGULAR,DC,auto_aprobado,2026-08-10
28100006666,Rambler 16 oz STK MS Teal C: NFL Jaguars,REGULAR,DC,auto_aprobado,2026-08-10
28100006670,Rambler 16 oz STK MS Wht: NCAA Indiana,REGULAR,DC,auto_aprobado,2026-08-10
28100006673,Rambler 16 oz STK MS Wht: NCAA Oregon,REGULAR,DC,auto_aprobado,2026-08-10
28100006677,Rambler 16 oz STK MS Wht: NCAAMichigan,REGULAR,DC,auto_aprobado,2026-08-10
28100006679,Rambler 16 oz STK MS Wht: NFL Bills,REGULAR,DC,auto_aprobado,2026-08-10
28100006682,Rambler 16 oz STK MS Wht: NFL Chiefs,REGULAR,DC,auto_aprobado,2026-08-10
28100006687,RAMBLER 16 OZ STK MS WHT: NFL PACKERS,REGULAR,DC,auto_aprobado,2026-08-10
28100006690,RAMBLER 16 OZ STK MS WHT: NFL VIKINGS,REGULAR,DC,auto_aprobado,2026-08-10
28100006696,Rambler 16 oz STK MS Yellow B: NCAA Pitt,REGULAR,DC,auto_aprobado,2026-08-10
28100006697,Rambler 16 oz STK MSBlk:NCAAMichiganSt,REGULAR,DC,auto_aprobado,2026-08-10
28100006699,Rambler 16 oz STK PurpleA:NCAAWashington,REGULAR,DC,auto_aprobado,2026-08-10
28100006701,Rambler 16 oz STK Red C:NCAAVirginiaTech,REGULAR,DC,auto_aprobado,2026-08-10
28100006710,Rambler 18 oz Chug Blk: MLB Orioles,REGULAR,DC,auto_aprobado,2026-08-10
28100006714,Rambler 18 oz Chug Blk: MLB White Sox,REGULAR,DC,auto_aprobado,2026-08-10
28100006726,Rambler 18 oz Chug Blk: NFL 49ers,REGULAR,DC,auto_aprobado,2026-08-10
28100006728,Rambler 18 oz Chug Blk: NFL Bucs,REGULAR,DC,auto_aprobado,2026-08-10
28100006730,Rambler 18 oz Chug Blk: NFL Eagles,REGULAR,DC,auto_aprobado,2026-08-10
28100006736,Rambler 18 oz Chug Blk: NFL Raiders,REGULAR,DC,auto_aprobado,2026-08-10
28100006738,Rambler 18 oz Chug Blk: NFL Ravens,REGULAR,DC,auto_aprobado,2026-08-10
28100006740,Rambler 18 oz Chug Blk: NFL Steelers,REGULAR,DC,auto_aprobado,2026-08-10
28100006750,Rambler 18 oz Chug Blue C: NFL Chargers,REGULAR,DC,auto_aprobado,2026-08-10
28100006751,Rambler 18 oz Chug Blue D: NFL Lions,REGULAR,DC,auto_aprobado,2026-08-10
28100006753,Rambler 18 oz Chug Blue E: MLB Dodgers,REGULAR,DC,auto_aprobado,2026-08-10
28100006758,Rambler 18 oz Chug Blue E: NFL Bills,REGULAR,DC,auto_aprobado,2026-08-10
28100006761,Rambler 18 oz Chug Blue H: NFL Colts,REGULAR,DC,auto_aprobado,2026-08-10
28100006763,Rambler 18 oz Chug Brown A: NFL Browns,REGULAR,DC,auto_aprobado,2026-08-10
28100006768,Rambler 18 oz Chug Green C: NFL Packers,REGULAR,DC,auto_aprobado,2026-08-10
28100006769,Rambler 18 oz Chug Green D: NFL Eagles,REGULAR,DC,auto_aprobado,2026-08-10
28100006771,Rambler 18 oz Chug Hvr: NCAA Florida St,REGULAR,DC,auto_aprobado,2026-08-10
28100006774,Rambler 18 oz Chug MaroonB:NFLCommanders,REGULAR,DC,auto_aprobado,2026-08-10
28100006775,Rambler 18 oz Chug Navy A: MLB Tigers,REGULAR,DC,auto_aprobado,2026-08-10
28100006780,Rambler 18 oz Chug Navy A: NFL Cowboys,REGULAR,DC,auto_aprobado,2026-08-10
28100006781,Rambler 18 oz Chug Navy A: NFL Patriots,REGULAR,DC,auto_aprobado,2026-08-10
28100006792,Rambler 18 oz Chug Nvy: MLB Red Sox,REGULAR,DC,auto_aprobado,2026-08-10
28100006798,Rambler 18 oz Chug Nvy: NCAA Penn State,REGULAR,DC,auto_aprobado,2026-08-10
28100006800,Rambler 18 oz Chug Nvy: NFL Bears,REGULAR,DC,auto_aprobado,2026-08-10
28100006801,Rambler 18 oz Chug Nvy: NFL Broncos,REGULAR,DC,auto_aprobado,2026-08-10
28100006802,Rambler 18 oz Chug Nvy: NFL Seahawks,REGULAR,DC,auto_aprobado,2026-08-10
28100006807,Rambler 18 oz Chug Orange B: MLB Mets,REGULAR,DC,auto_aprobado,2026-08-10
28100006810,Rambler 18 oz Chug Orange B: NFL Broncos,REGULAR,DC,auto_aprobado,2026-08-10
28100006813,Rambler 18 oz Chug Purple A: NCAA LSU,REGULAR,DC,auto_aprobado,2026-08-10
28100006815,Rambler 18 oz Chug Purple A: NFL Vikings,REGULAR,DC,auto_aprobado,2026-08-10
28100006818,Rambler 18 oz Chug Purple B: NFLRavens,REGULAR,DC,auto_aprobado,2026-08-10
28100006819,RAMBLER 18 OZ CHUG NAVY A: MLB BRAVES,REGULAR,DC,auto_aprobado,2026-08-10
28100006826,Rambler 18 oz Chug Red B: NFL 49ers,REGULAR,DC,auto_aprobado,2026-08-10
28100006827,Rambler 18 oz Chug Red B: NFL Bucs,REGULAR,DC,auto_aprobado,2026-08-10
28100006829,Rambler 18 oz Chug Red C: NFL Cardinals,REGULAR,DC,auto_aprobado,2026-08-10
28100006831,Rambler 18 oz Chug RedC:NCAAVirginiaTech,REGULAR,DC,auto_aprobado,2026-08-10
28100006835,Rambler 18 oz Chug Rrd: MLB Gaurdians,REGULAR,DC,auto_aprobado,2026-08-10
28100006849,Rambler 18 oz Chug Rrd: NFL Chiefs,REGULAR,DC,auto_aprobado,2026-08-10
28100006851,Rambler 18 oz Chug Rrd: NHL Capitals,REGULAR,DC,auto_aprobado,2026-08-10
28100006854,Rambler 18 oz Chug Teal B: NFL Dolphins,REGULAR,DC,auto_aprobado,2026-08-10
28100006903,Rambler 18 oz ChugPurpleA:NCAAWashington,REGULAR,DC,auto_aprobado,2026-08-10
28100006909,Rambler 20 oz MS Blk: MLB Dbacks,REGULAR,DC,auto_aprobado,2026-08-10
28100006913,Rambler 20 oz MS Blk: MLB Pirates,REGULAR,DC,auto_aprobado,2026-08-10
28100006914,Rambler 20 oz MS Blk: MLB Reds,REGULAR,DC,auto_aprobado,2026-08-10
28100006916,Rambler 20 oz MS Blk: MLB White Sox,REGULAR,DC,auto_aprobado,2026-08-10
28100006925,Rambler 20 oz MS Blk: NCAA Purdue,REGULAR,DC,auto_aprobado,2026-08-10
28100006926,Rambler 20 oz MS Blk: NCAA UNC,REGULAR,DC,auto_aprobado,2026-08-10
28100006931,Rambler 20 oz MS Blk: NFL Cardinals,REGULAR,DC,auto_aprobado,2026-08-10
28100006932,RAMBLER 20 OZ MS BLK: NFL EAGLES,REGULAR,DC,auto_aprobado,2026-08-10
28100006936,Rambler 20 oz MS Blk: NFL Lions,REGULAR,DC,auto_aprobado,2026-08-10
28100006938,Rambler 20 oz MS Blk: NFL Raiders,REGULAR,DC,auto_aprobado,2026-08-10
28100006940,Rambler 20 oz MS Blk: NFL Ravens,REGULAR,DC,auto_aprobado,2026-08-10
28100006943,Rambler 20 oz MS Blk: NHL Blackhawks,REGULAR,DC,auto_aprobado,2026-08-10
28100006945,Rambler 20 oz MS Blk: NHL Devils,REGULAR,DC,auto_aprobado,2026-08-10
28100006946,Rambler 20 oz MS Blk: NHL Flyers,REGULAR,DC,auto_aprobado,2026-08-10
28100006948,Rambler 20 oz MS Blk: NHL Hurricanes,REGULAR,DC,auto_aprobado,2026-08-10
28100006956,Rambler 20 oz MS Blk: NHL Sharks,REGULAR,DC,auto_aprobado,2026-08-10
28100006958,Rambler 20 oz MS Blk: NHL Utah,REGULAR,DC,auto_aprobado,2026-08-10
28100006962,Rambler 20 oz MS Blue C: NFL Chargers,REGULAR,DC,auto_aprobado,2026-08-10
28100006965,Rambler 20 oz MS Blue E: MLB Dodgers,REGULAR,DC,auto_aprobado,2026-08-10
28100006968,Rambler 20 oz MS Blue E: NCAA Kansas,REGULAR,DC,auto_aprobado,2026-08-10
28100006972,Rambler 20 oz MS Blue G: NFL Giants,REGULAR,DC,auto_aprobado,2026-08-10
28100006973,Rambler 20 oz MS Blue H: NFL Colts,REGULAR,DC,auto_aprobado,2026-08-10
28100006975,Rambler 20 oz MS Brown A: NFL Browns,REGULAR,DC,auto_aprobado,2026-08-10
28100006979,Rambler 20 oz MS Green B: NFL Jets,REGULAR,DC,auto_aprobado,2026-08-10
28100006981,Rambler 20 oz MS Green D: NFL Eagles,REGULAR,DC,auto_aprobado,2026-08-10
28100006983,Rambler 20 oz MS Hvr: NCAA Florida St,REGULAR,DC,auto_aprobado,2026-08-10
28100006986,Rambler 20 oz MS Maroon B: NFLCommanders,REGULAR,DC,auto_aprobado,2026-08-10
28100006995,Rambler 20 oz MS Navy B: NFL Texans,REGULAR,DC,auto_aprobado,2026-08-10
28100006997,Rambler 20 oz MS Nvy: MLB Blue Jays,REGULAR,DC,auto_aprobado,2026-08-10
28100006998,Rambler 20 oz MS Nvy: MLB Brewers,REGULAR,DC,auto_aprobado,2026-08-10
28100006999,Rambler 20 oz MS Nvy: MLB Cardinals,REGULAR,DC,auto_aprobado,2026-08-10
28100007000,Rambler 20 oz MS Nvy: MLB Gaurdians,REGULAR,DC,auto_aprobado,2026-08-10
28100007004,Rambler 20 oz MS Nvy: MLB Red Sox,REGULAR,DC,auto_aprobado,2026-08-10
28100007005,Rambler 20 oz MS Nvy: NCAA Arizona,REGULAR,DC,auto_aprobado,2026-08-10
28100007011,Rambler 20 oz MS Nvy: NCAA Virginia,REGULAR,DC,auto_aprobado,2026-08-10
28100007022,Rambler 20 oz MS Orange B: MLB Astros,REGULAR,DC,auto_aprobado,2026-08-10
28100007026,Rambler 20 oz MS Orange B: NCAAMiami(FL),REGULAR,DC,auto_aprobado,2026-08-10
28100007032,Rambler 20 oz MS Purple A:NCAAWashington,REGULAR,DC,auto_aprobado,2026-08-10
28100007034,Rambler 20 oz MS Purple B: NFL Ravens,REGULAR,DC,auto_aprobado,2026-08-10
28100007036,Rambler 20 oz MS Red B: MLB Dbacks,REGULAR,DC,auto_aprobado,2026-08-10
28100007037,Rambler 20 oz MS Red B: NCAA Alabama,REGULAR,DC,auto_aprobado,2026-08-10
28100007039,Rambler 20 oz MS Red B: NCAA Iowa St,REGULAR,DC,auto_aprobado,2026-08-10
28100007041,Rambler 20 oz MS Red B: NCAA USC,REGULAR,DC,auto_aprobado,2026-08-10
28100007044,Rambler 20 oz MS Red B: NFL Bucs,REGULAR,DC,auto_aprobado,2026-08-10
28100007045,Rambler 20 oz MS Red B: NFL Falcons,REGULAR,DC,auto_aprobado,2026-08-10
28100007047,Rambler 20 oz MS Red C: NFL Cardinals,REGULAR,DC,auto_aprobado,2026-08-10
28100007048,Rambler 20 oz MS Rrd: MLB Angels,REGULAR,DC,auto_aprobado,2026-08-10
28100007049,Rambler 20 oz MS Rrd: MLB Braves,REGULAR,DC,auto_aprobado,2026-08-10
28100007052,Rambler 20 oz MS Rrd: MLB Marlins,REGULAR,DC,auto_aprobado,2026-08-10
28100007054,Rambler 20 oz MS Rrd: MLB Phillies,REGULAR,DC,auto_aprobado,2026-08-10
28100007055,Rambler 20 oz MS Rrd: MLB Rangers,REGULAR,DC,auto_aprobado,2026-08-10
28100007056,Rambler 20 oz MS Rrd: MLB Red Sox,REGULAR,DC,auto_aprobado,2026-08-10
28100007061,Rambler 20 oz MS Rrd: NCAA NC St,REGULAR,DC,auto_aprobado,2026-08-10
28100007063,Rambler 20 oz MS Rrd: NCAA Ohio State,REGULAR,DC,auto_aprobado,2026-08-10
28100007066,Rambler 20 oz MS Rrd: NFL Texans,REGULAR,DC,auto_aprobado,2026-08-10
28100007067,Rambler 20 oz MS Rrd: NHL Capitals,REGULAR,DC,auto_aprobado,2026-08-10
28100007072,Rambler 20 oz MS Teal B: NFL Dolphins,REGULAR,DC,auto_aprobado,2026-08-10
28100007077,Rambler 20 oz MS Wht: MLB Brewers,REGULAR,DC,auto_aprobado,2026-08-10
28100007078,Rambler 20 oz MS Wht: MLB Cubs,REGULAR,DC,auto_aprobado,2026-08-10
28100007082,Rambler 20 oz MS Wht: MLB Mets,REGULAR,DC,auto_aprobado,2026-08-10
28100007083,Rambler 20 oz MS Wht: MLB Padres,REGULAR,DC,auto_aprobado,2026-08-10
28100007086,Rambler 20 oz MS Wht: MLB Rockies,REGULAR,DC,auto_aprobado,2026-08-10
28100007096,Rambler 20 oz MS Wht: NCAA Oregon,REGULAR,DC,auto_aprobado,2026-08-10
28100007098,Rambler 20 oz MS Wht: NCAA Tennessee,REGULAR,DC,auto_aprobado,2026-08-10
28100007101,Rambler 20 oz MS Wht: NFL Bills,REGULAR,DC,auto_aprobado,2026-08-10
28100007102,Rambler 20 oz MS Wht: NFL Browns,REGULAR,DC,auto_aprobado,2026-08-10
28100007103,Rambler 20 oz MS Wht: NFL Chargers,REGULAR,DC,auto_aprobado,2026-08-10
28100007106,Rambler 20 oz MS Wht: NFL Commanders,REGULAR,DC,auto_aprobado,2026-08-10
28100007111,Rambler 20 oz MS Wht: NFL Patriots,REGULAR,DC,auto_aprobado,2026-08-10
28100007114,Rambler 20 oz MS Wht: NHL Islanders,REGULAR,DC,auto_aprobado,2026-08-10
28100007119,Rambler 20 oz MS Yellow B: MLB Prates,REGULAR,DC,auto_aprobado,2026-08-10
28100007322,Rambler Colster 2.0 Bkp: NCAA W Virginia,REGULAR,DC,auto_aprobado,2026-08-10
28100007323,Rambler Colster 2.0 Blk: MLB Dbacks,REGULAR,DC,auto_aprobado,2026-08-10
28100007324,Rambler Colster 2.0 Blk: MLB Giants,REGULAR,DC,auto_aprobado,2026-08-10
28100007325,Rambler Colster 2.0 Blk: MLB Marlins,REGULAR,DC,auto_aprobado,2026-08-10
28100007328,Rambler Colster 2.0 Blk: MLB Reds,REGULAR,DC,auto_aprobado,2026-08-10
28100007332,Rambler Colster 2.0 Blk: NCAA Colorado,REGULAR,DC,auto_aprobado,2026-08-10
28100007334,Rambler Colster 2.0 Blk: NCAA Georgia,REGULAR,DC,auto_aprobado,2026-08-10
28100007336,Rambler Colster 2.0 Blk: NCAA Oregon,REGULAR,DC,auto_aprobado,2026-08-10
28100007337,Rambler Colster 2.0 Blk: NCAA Purdue,REGULAR,DC,auto_aprobado,2026-08-10
28100007338,Rambler Colster 2.0 Blk: NCAA UNC,REGULAR,DC,auto_aprobado,2026-08-10
28100007341,Rambler Colster 2.0 Blk: NFL 49ers,REGULAR,DC,auto_aprobado,2026-08-10
28100007343,Rambler Colster 2.0 Blk: NFL Bucs,REGULAR,DC,auto_aprobado,2026-08-10
28100007345,Rambler Colster 2.0 Blk: NFL Eagles,REGULAR,DC,auto_aprobado,2026-08-10
28100007346,Rambler Colster 2.0 Blk: NFL Falcons,REGULAR,DC,auto_aprobado,2026-08-10
28100007348,Rambler Colster 2.0 Blk: NFL Jets,REGULAR,DC,auto_aprobado,2026-08-10
28100007349,Rambler Colster 2.0 Blk: NFL Lions,REGULAR,DC,auto_aprobado,2026-08-10
28100007351,Rambler Colster 2.0 Blk: NFL Raiders,REGULAR,DC,auto_aprobado,2026-08-10
28100007356,Rambler Colster 2.0 Blk: NHL Blackhawks,REGULAR,DC,auto_aprobado,2026-08-10
28100007358,Rambler Colster 2.0 Blk: NHL Devils,REGULAR,DC,auto_aprobado,2026-08-10
28100007360,Rambler Colster 2.0 Blk: NHL Hurricanes,REGULAR,DC,auto_aprobado,2026-08-10
28100007361,Rambler Colster 2.0 Blk: NHL Lightning,REGULAR,DC,auto_aprobado,2026-08-10
28100007368,Rambler Colster 2.0 Blue C: NFL Chargers,REGULAR,DC,auto_aprobado,2026-08-10
28100007370,Rambler Colster 2.0 Blue E: MLB Cubs,REGULAR,DC,auto_aprobado,2026-08-10
28100007371,Rambler Colster 2.0 Blue E: MLB Dodgers,REGULAR,DC,auto_aprobado,2026-08-10
28100007375,Rambler Colster 2.0 Blue E: NCAAKentucky,REGULAR,DC,auto_aprobado,2026-08-10
28100007376,RAMBLER COLSTER 2.0 BLUE E: NFL BILLS,REGULAR,DC,auto_aprobado,2026-08-10
28100007378,Rambler Colster 2.0 Blue G: NFL Giants,REGULAR,DC,auto_aprobado,2026-08-10
28100007380,Rambler Colster 2.0 Brown A: MLB Padres,REGULAR,DC,auto_aprobado,2026-08-10
28100007381,Rambler Colster 2.0 Brown A: NFL Browns,REGULAR,DC,auto_aprobado,2026-08-10
28100007382,Rambler Colster 2.0 Cly: NCAA Texas,REGULAR,DC,auto_aprobado,2026-08-10
28100007383,Rambler Colster 2.0 Gold A: NFL Saints,REGULAR,DC,auto_aprobado,2026-08-10
28100007385,Rambler Colster 2.0 Green B: NFL Jets,REGULAR,DC,auto_aprobado,2026-08-10
28100007392,Rambler Colster 2.0 Navy A: MLB Tigers,REGULAR,DC,auto_aprobado,2026-08-10
28100007393,Rambler Colster 2.0 Navy A: MLB Twins V2,REGULAR,DC,auto_aprobado,2026-08-10
28100007394,Rambler Colster 2.0 Navy A: MLB Yankees,REGULAR,DC,auto_aprobado,2026-08-10
28100007395,Rambler Colster 2.0 Navy A: NCAA Auburn,REGULAR,DC,auto_aprobado,2026-08-10
28100007396,Rambler Colster 2.0 Navy A: NCAA UCONN,REGULAR,DC,auto_aprobado,2026-08-10
28100007398,Rambler Colster 2.0 Navy A: NFL Patriots,REGULAR,DC,auto_aprobado,2026-08-10
28100007400,Rambler Colster 2.0 Navy B: NFL Texans,REGULAR,DC,auto_aprobado,2026-08-10
28100007410,Rambler Colster 2.0 Nvy: NCAA Arizona,REGULAR,DC,auto_aprobado,2026-08-10
28100007413,Rambler Colster 2.0 Nvy: NCAA Michigan,REGULAR,DC,auto_aprobado,2026-08-10
28100007414,Rambler Colster 2.0 Nvy: NCAA Penn State,REGULAR,DC,auto_aprobado,2026-08-10
28100007415,Rambler Colster 2.0 Nvy: NCAA Virginia,REGULAR,DC,auto_aprobado,2026-08-10
28100007419,RAMBLER COLSTER 2.0 NVY: NFL SEAHAWKS,REGULAR,DC,auto_aprobado,2026-08-10
28100007425,Rambler Colster 2.0 Orange B:MLB Astros,REGULAR,DC,auto_aprobado,2026-08-10
28100007429,Rambler Colster 2.0 OrngB: NCAAMiami(FL),REGULAR,DC,auto_aprobado,2026-08-10
28100007430,Rambler Colster 2.0 Purple A: NCAA LSU,REGULAR,DC,auto_aprobado,2026-08-10
28100007433,Rambler Colster 2.0 Purple B:NFLRavens,REGULAR,DC,auto_aprobado,2026-08-10
28100007436,Rambler Colster 2.0 Navy A: MLB Braves,REGULAR,DC,auto_aprobado,2026-08-10
28100007437,Rambler Colster 2.0 Red B: MLB Dbacks,REGULAR,DC,auto_aprobado,2026-08-10
28100007438,Rambler Colster 2.0 Red B: NCAA Alabama,REGULAR,DC,auto_aprobado,2026-08-10
28100007439,Rambler Colster 2.0 Red B: NCAA Arkansas,REGULAR,DC,auto_aprobado,2026-08-10
28100007445,Rambler Colster 2.0 Red B: NFL Bucs,REGULAR,DC,auto_aprobado,2026-08-10
28100007446,Rambler Colster 2.0 Red B: NFL Falcons,REGULAR,DC,auto_aprobado,2026-08-10
28100007451,Rambler Colster 2.0 Rrd: MLB Gaurdians,REGULAR,DC,auto_aprobado,2026-08-10
28100007454,Rambler Colster 2.0 Rrd: MLB Phillies,REGULAR,DC,auto_aprobado,2026-08-10
28100007461,Rambler Colster 2.0 Rrd: NCAA NC St,REGULAR,DC,auto_aprobado,2026-08-10
28100007462,Rambler Colster 2.0 Rrd: NCAA Nebraska,REGULAR,DC,auto_aprobado,2026-08-10
28100007466,Rambler Colster 2.0 Rrd: NFL Texans,REGULAR,DC,auto_aprobado,2026-08-10
28100007468,Rambler Colster 2.0 Rrd: NHL Panthers,REGULAR,DC,auto_aprobado,2026-08-10
28100007470,Rambler Colster 2.0 Nvy: NHL Oilers,REGULAR,DC,auto_aprobado,2026-08-10
28100007471,Rambler Colster 2.0 Teal B: NFL Dolphins,REGULAR,DC,auto_aprobado,2026-08-10
28100007472,Rambler Colster 2.0 Teal C: NFL Jaguars,REGULAR,DC,auto_aprobado,2026-08-10
28100007473,Rambler Colster 2.0 Wht: MLB Angels,REGULAR,DC,auto_aprobado,2026-08-10
28100007474,Rambler Colster 2.0 Wht: MLB Blue Jays,REGULAR,DC,auto_aprobado,2026-08-10
28100007484,Rambler Colster 2.0 Wht: MLB Rockies,REGULAR,DC,auto_aprobado,2026-08-10
28100007489,Rambler Colster 2.0 Wht: NCAA Alabama,REGULAR,DC,auto_aprobado,2026-08-10
28100007491,Rambler Colster 2.0 Wht: NCAA LSU,REGULAR,DC,auto_aprobado,2026-08-10
28100007492,Rambler Colster 2.0 Wht: NCAA Michigan,REGULAR,DC,auto_aprobado,2026-08-10
28100007494,Rambler Colster 2.0 Wht: NCAA Ohio St,REGULAR,DC,auto_aprobado,2026-08-10
28100007499,Rambler Colster 2.0 Wht: NCAATennessee,REGULAR,DC,auto_aprobado,2026-08-10
28100007500,Rambler Colster 2.0 Wht: NFL Bills,REGULAR,DC,auto_aprobado,2026-08-10
28100007501,Rambler Colster 2.0 Wht: NFL Browns,REGULAR,DC,auto_aprobado,2026-08-10
28100007506,Rambler Colster 2.0 Wht: NFL Dolphins,REGULAR,DC,auto_aprobado,2026-08-10
28100007512,Rambler Colster 2.0 Wht: NFLCommanders,REGULAR,DC,auto_aprobado,2026-08-10
28100007516,Rambler Colster 2.0 Yellow B: NCAA Pitt,REGULAR,DC,auto_aprobado,2026-08-10
28100007517,Rambler Colster 2.0 Yellow B:MLBPrates,REGULAR,DC,auto_aprobado,2026-08-10
28100007518,Rambler Colster 2.0 YellowB:NFLSteeles,REGULAR,DC,auto_aprobado,2026-08-10
28100007520,Rambler Colster 2.0MaroonB:NFLCommanders,REGULAR,DC,auto_aprobado,2026-08-10
28100007521,Rambler Colster 2.0PurplA:NCAAWashington,REGULAR,DC,auto_aprobado,2026-08-10
28100007522,Rambler Colster 2.0RedC:NCAAVirginiaTech,REGULAR,DC,auto_aprobado,2026-08-10
28100007529,YETI Flask Blk: NCAA Purdue,REGULAR,DC,auto_aprobado,2026-08-10
28100007569,YETI Flask Nvy: NCAA Illinois,REGULAR,DC,auto_aprobado,2026-08-10
28100007572,YETI Flask Nvy: NFL Bears,REGULAR,DC,auto_aprobado,2026-08-10
28100007597,YETI Flask Rrd: NFL Chiefs,REGULAR,DC,auto_aprobado,2026-08-10
28100007604,YETI Flask Wht: NCAA Ohio State,REGULAR,DC,auto_aprobado,2026-08-10
28100007639,RAMBLER COLSTER 2.0 BLK: NCAA S.CAROLINA,REGULAR,DC,auto_aprobado,2026-08-10
28100008250,Rambler 20 oz MS White: NBA Celtics,REGULAR,DC,auto_aprobado,2026-08-10
28100008251,Rambler 16 oz STK MS  White: NBA Celtics,REGULAR,DC,auto_aprobado,2026-08-10
28100008255,Rambler 20 oz MS Black: NBA Nets,REGULAR,DC,auto_aprobado,2026-08-10
28100008256,Rambler 16 oz STK MS  Black: NBA Nets,REGULAR,DC,auto_aprobado,2026-08-10
28100008265,Rambler 20 oz MS Rescue Red: NBA Bulls,REGULAR,DC,auto_aprobado,2026-08-10
28100008278,Rambler Colster 2.0 Black: NBA Cavaliers,REGULAR,DC,auto_aprobado,2026-08-10
28100008283,Rambler Colster 2.0 White: NBA Mavericks,REGULAR,DC,auto_aprobado,2026-08-10
28100008288,Rambler Colster 2.0 White: NBA Nuggets,REGULAR,DC,auto_aprobado,2026-08-10
28100008289,YETI Flask White: NBA Nuggets,REGULAR,DC,auto_aprobado,2026-08-10
28100008299,YETI Flask White: NBA Warriors,REGULAR,DC,auto_aprobado,2026-08-10
28100008301,Rambler 16 oz STK MS  RRed: NBA Rockets,REGULAR,DC,auto_aprobado,2026-08-10
28100008315,Rambler 20 oz MS White: NBA Clippers,REGULAR,DC,auto_aprobado,2026-08-10
28100008319,YETI Flask White: NBA Clippers,REGULAR,DC,auto_aprobado,2026-08-10
28100008323,Rambler Colster 2.0 White: NBA Lakers,REGULAR,DC,auto_aprobado,2026-08-10
28100008324,YETI Flask White: NBA Lakers,REGULAR,DC,auto_aprobado,2026-08-10
28100008333,Rambler Colster 2.0 Black: NBA Heat,REGULAR,DC,auto_aprobado,2026-08-10
28100008336,Rambler 16 oz STK MS  White: NBA Bucks,REGULAR,DC,auto_aprobado,2026-08-10
28100008346,Rambler 16 oz STK MS  White: NBAPelicans,REGULAR,DC,auto_aprobado,2026-08-10
28100008348,Rambler Colster 2.0 White: NBA Pelicans,REGULAR,DC,auto_aprobado,2026-08-10
28100008350,Rambler 20 oz MS White: NBA Knicks,REGULAR,DC,auto_aprobado,2026-08-10
28100008353,Rambler Colster 2.0 White: NBA Knicks,REGULAR,DC,auto_aprobado,2026-08-10
28100008355,Rambler 20 oz MS White: NBA Thunder,REGULAR,DC,auto_aprobado,2026-08-10
28100008361,Rambler 16 oz STK MS  White: NBA Magic,REGULAR,DC,auto_aprobado,2026-08-10
28100008363,Rambler Colster 2.0 White: NBA Magic,REGULAR,DC,auto_aprobado,2026-08-10
28100008366,Rambler 16 oz STK MS  RescRed: NBA 76ers,REGULAR,DC,auto_aprobado,2026-08-10
28100008368,Rambler Colster 2.0 RescueRed: NBA 76ers,REGULAR,DC,auto_aprobado,2026-08-10
28100008380,Rambler 20 oz MS Black: NBA Blazers,REGULAR,DC,auto_aprobado,2026-08-10
28100008389,YETI Flask White: NBA Kings,REGULAR,DC,auto_aprobado,2026-08-10
28100008390,Rambler 20 oz MS Black: NBA Spurs,REGULAR,DC,auto_aprobado,2026-08-10
28100008393,Rambler Colster 2.0 Black: NBA Spurs,REGULAR,DC,auto_aprobado,2026-08-10
28100008394,YETI Flask Black: NBA Spurs,REGULAR,DC,auto_aprobado,2026-08-10
28100008404,YETI Flask White: NBA Jazz,REGULAR,DC,auto_aprobado,2026-08-10
28100008405,Rambler 20 oz MS Rescue Red: NBA Wizards,REGULAR,DC,auto_aprobado,2026-08-10
28100008441,Rambler 18 oz Chug OrangeA:NFLBengals-V2,REGULAR,DC,auto_aprobado,2026-08-10
28100008442,Rambler 20 oz MS OrangeA: NFLBengals-V2,REGULAR,DC,auto_aprobado,2026-08-10
28100008905,Rambler 16 oz STK MS  GRN B: NBA Celtics,REGULAR,DC,auto_aprobado,2026-08-10
28100008912,Rambler 16 oz STK MS  BluE: NBA Warriors,REGULAR,DC,auto_aprobado,2026-08-10
28100008913,Rambler 16 oz STK MS  YLWB: NBA Warriors,REGULAR,DC,auto_aprobado,2026-08-10
28100008917,Rambler 16 oz STK MS  PRPL A: NBA Lakers,REGULAR,DC,auto_aprobado,2026-08-10
28100008918,Rambler 16 oz STK MS  YLW B: NBA Lakers,REGULAR,DC,auto_aprobado,2026-08-10
28100008925,Rambler 16 oz STK MS  Blue E: NBA Knicks,REGULAR,DC,auto_aprobado,2026-08-10
28100008926,Rambler 16 oz STK MS  ORNG B: NBA Knicks,REGULAR,DC,auto_aprobado,2026-08-10
28100008930,Rambler 16 oz STK MS  Blue E: NBA 76ers,REGULAR,DC,auto_aprobado,2026-08-10
28100008938,Rambler 18 oz Chug Btl GRNB: NBA Celtics,REGULAR,DC,auto_aprobado,2026-08-10
28100008945,Rambler 18 oz Chug Bt Bl E: NBA Warriors,REGULAR,DC,auto_aprobado,2026-08-10
28100008950,Rambler 18 oz Chug Btl PrplA: NBA Lakers,REGULAR,DC,auto_aprobado,2026-08-10
28100008958,Rambler 18 oz Chug Bt Blue E: NBA Knicks,REGULAR,DC,auto_aprobado,2026-08-10
28100008971,Rambler Colster 2.0 GreenB : NBA Celtics,REGULAR,DC,auto_aprobado,2026-08-10
28100008978,Rambler Colster 2.0 Blue E: NBA Warriors,REGULAR,DC,auto_aprobado,2026-08-10
28100008979,Rambler Colster 2.0 Ylw B: NBA Warriors,REGULAR,DC,auto_aprobado,2026-08-10
28100008983,Rambler Colster 2.0 Purple A: NBA Lakers,REGULAR,DC,auto_aprobado,2026-08-10
28100008984,Rambler Colster 2.0 Yellow B: NBA Lakers,REGULAR,DC,auto_aprobado,2026-08-10
28100008991,Rambler Colster 2.0 Blue E: NBA Knicks,REGULAR,DC,auto_aprobado,2026-08-10
28100008992,Rambler Colster 2.0 Orange B: NBA Knicks,REGULAR,DC,auto_aprobado,2026-08-10
28100008996,Rambler Colster 2.0 Blue E: NBA 76ers,REGULAR,DC,auto_aprobado,2026-08-10
28100008998,Rambler Colster 2.0 Purple B: NBA Suns,REGULAR,DC,auto_aprobado,2026-08-10
28100009004,Rambler 20 oz MS Green B: NBA Celtics,REGULAR,DC,auto_aprobado,2026-08-10
28100009007,Rambler 20 oz MS Maroon B: NBA Cavaliers,REGULAR,DC,auto_aprobado,2026-08-10
28100009008,Rambler 20 oz MS Blue C: NBA Mavericks,REGULAR,DC,auto_aprobado,2026-08-10
28100009009,Rambler 20 oz MS Navy A: NBA Nuggets,REGULAR,DC,auto_aprobado,2026-08-10
28100009011,Rambler 20 oz MS Blue E: NBA Warriors,REGULAR,DC,auto_aprobado,2026-08-10
28100009012,Rambler 20 oz MS Yellow B: NBA Warriors,REGULAR,DC,auto_aprobado,2026-08-10
28100009016,Rambler 20 oz MS Purple A: NBA Lakers,REGULAR,DC,auto_aprobado,2026-08-10
28100009017,Rambler 20 oz MS Yellow B: NBA Lakers,REGULAR,DC,auto_aprobado,2026-08-10
28100009018,Rambler 20 oz MS Navy A: NBA Grizzlies,REGULAR,DC,auto_aprobado,2026-08-10
28100009020,Rambler 20 oz MS Green B: NBA Bucks,REGULAR,DC,auto_aprobado,2026-08-10
28100009024,Rambler 20 oz MS Blue E: NBA Knicks,REGULAR,DC,auto_aprobado,2026-08-10
28100009025,Rambler 20 oz MS Orange B: NBA Knicks,REGULAR,DC,auto_aprobado,2026-08-10
28100009026,Rambler 20 oz MS Blue C: NBA Thunder,REGULAR,DC,auto_aprobado,2026-08-10
28100009027,Rambler 20 oz MS Orange B: NBA Thunder,REGULAR,DC,auto_aprobado,2026-08-10
28100009029,Rambler 20 oz MS Blue E: NBA 76ers,REGULAR,DC,auto_aprobado,2026-08-10
28100009030,Rambler 20 oz MS Orange A: NBA Suns,REGULAR,DC,auto_aprobado,2026-08-10
28100009031,Rambler 20 oz MS Purple B: NBA Suns,REGULAR,DC,auto_aprobado,2026-08-10
28100009033,Rambler 20 oz MS Gray A: NBA Spurs,REGULAR,DC,auto_aprobado,2026-08-10
28100009076,Rambler 35oz Str Mg 2.0 OrB: MLB Orioles,REGULAR,DC,auto_aprobado,2026-08-10
28100009079,Rambler 35oz Strw Mg 2.0 BlueE: MLB Cubs,REGULAR,DC,auto_aprobado,2026-08-10
28100009092,Rambler 35oz Strw M 2.0 OrnB: MLB Astros,REGULAR,DC,auto_aprobado,2026-08-10
28100009093,Rambler 35oz Strw Mg 2.0 BlE: MLB Royals,REGULAR,DC,auto_aprobado,2026-08-10
28100009094,Rambler 35oz Strw Mg 2.0 WHT: MLB Royals,REGULAR,DC,auto_aprobado,2026-08-10
28100009097,Rambler 35oz Strw M 2.0 BlE: MLB Dodgers,REGULAR,DC,auto_aprobado,2026-08-10
28100009104,Rambler 35oz Strw Mg 2.0 RR: MLB Twins,REGULAR,DC,auto_aprobado,2026-08-10
28100009105,Rambler 35oz Strw Mg 2.0 OrngB: MLB Mets,REGULAR,DC,auto_aprobado,2026-08-10
28100009109,Rambler 35oz StrM 2.0 BFG: MLB Athletics,REGULAR,DC,auto_aprobado,2026-08-10
28100009115,Rambler 35oz Str Mg 2.0 BrnA: MLB Padres,REGULAR,DC,auto_aprobado,2026-08-10
28100009191,Rambler 35oz Str Mg 2.0 GrB: NBA Celtics,REGULAR,DC,auto_aprobado,2026-08-10
28100009194,Rambler 35oz Strw Mg 2.0 GrayA: NBA Nets,REGULAR,DC,auto_aprobado,2026-08-10
28100009195,Rambler 35oz Str Mg 2.0 TlB: NBA Hornets,REGULAR,DC,auto_aprobado,2026-08-10
28100009196,Rambler 35oz Str Mg 2.0 WHT: NBA Hornets,REGULAR,DC,auto_aprobado,2026-08-10
28100009207,Rambler 35oz StrMg 2.0 BlE: NBA Warriors,REGULAR,DC,auto_aprobado,2026-08-10
28100009227,Rambler 35oz Strw Mg 2.0 BlE: NBA Knicks,REGULAR,DC,auto_aprobado,2026-08-10
28100009228,Rambler 35oz Str Mg 2.0 OrnB: NBA Knicks,REGULAR,DC,auto_aprobado,2026-08-10
28100009229,Rambler 35oz Str Mg 2.0 BlC: NBA Thunder,REGULAR,DC,auto_aprobado,2026-08-10
28100009230,Rambler 35oz Str Mg 2.0 OrB: NBA Thunder,REGULAR,DC,auto_aprobado,2026-08-10
28100009231,Rambler 35oz Strw Mg 2.0 BlE: NBA Magic,REGULAR,DC,auto_aprobado,2026-08-10
28100009232,Rambler 35oz Strw Mg 2.0 WHT: NBA Magic,REGULAR,DC,auto_aprobado,2026-08-10
28100009233,Rambler 35oz Strw Mg 2.0 BlE: NBA 76ers,REGULAR,DC,auto_aprobado,2026-08-10
28100009235,Rambler 35oz Strw Mg 2.0 OrngA: NBA Suns,REGULAR,DC,auto_aprobado,2026-08-10
28100009236,Rambler 35oz Strw Mg 2.0 PrplB: NBA Suns,REGULAR,DC,auto_aprobado,2026-08-10
28100009240,Rambler 35oz Strw Mg 2.0 WHT: NBA Kings,REGULAR,DC,auto_aprobado,2026-08-10
28100009242,Rambler 35oz Strw Mg 2.0 GryA: NBA Spurs,REGULAR,DC,auto_aprobado,2026-08-10
28100009250,Rambler 35oz StrM 2.0 RdC: NFL Cardinals,REGULAR,DC,auto_aprobado,2026-08-10
28100009251,Rambler 35oz Str Mg 2.0 Blk: NFL Falcons,REGULAR,DC,auto_aprobado,2026-08-10
28100009255,Rambler 35oz Strw Mg 2.0 BlE: NFL Bills,REGULAR,DC,auto_aprobado,2026-08-10
28100009256,Rambler 35oz Strw Mg 2.0 WHT: NFL Bills,REGULAR,DC,auto_aprobado,2026-08-10
28100009258,Rambler 35oz StrMg 2.0 BlB: NFL Panthers,REGULAR,DC,auto_aprobado,2026-08-10
28100009259,Rambler 35oz Strw Mg 2.0 Navy: NFL Bears,REGULAR,DC,auto_aprobado,2026-08-10
28100009260,Rambler 35oz Str Mg 2.0 OrngA: NFL Bears,REGULAR,DC,auto_aprobado,2026-08-10
28100009261,Rambler 35oz Str Mg 2.0 Blk: NFL Bengals,REGULAR,DC,auto_aprobado,2026-08-10
28100009262,Rambler 35oz Str M 2.0 OrnA: NFL Bengals,REGULAR,DC,auto_aprobado,2026-08-10
28100009263,Rambler 35oz Strw Mg 2.0 BrA: NFL Browns,REGULAR,DC,auto_aprobado,2026-08-10
28100009264,Rambler 35oz Strw Mg 2.0 WHT: NFL Browns,REGULAR,DC,auto_aprobado,2026-08-10
28100009268,Rambler 35oz Str Mg 2.0 OrB: NFL Broncos,REGULAR,DC,auto_aprobado,2026-08-10
28100009271,Rambler 35oz Str M 2.0 GrnC: NFL Packers,REGULAR,DC,auto_aprobado,2026-08-10
28100009275,Rambler 35oz Strw Mg 2.0 Bl H: NFL Colts,REGULAR,DC,auto_aprobado,2026-08-10
28100009278,Rambler 35oz Str Mg 2.0 TlC: NFL Jaguars,REGULAR,DC,auto_aprobado,2026-08-10
28100009279,Rambler 35oz Strw Mg 2.0 RR: NFL Chiefs,REGULAR,DC,auto_aprobado,2026-08-10
28100009281,Rambler 35oz Str Mg 2.0 Blk: NFL Raiders,REGULAR,DC,auto_aprobado,2026-08-10
28100009282,Rambler 35oz Str Mg 2.0 GrA: NFL Raiders,REGULAR,DC,auto_aprobado,2026-08-10
28100009283,Rambler 35oz StrMg 2.0 BlC: NFL Chargers,REGULAR,DC,auto_aprobado,2026-08-10
28100009287,Rambler 35oz StrMg 2.0 TlB: NFL Dolphins,REGULAR,DC,auto_aprobado,2026-08-10
28100009288,Rambler 35oz StrMg 2.0 WHT: NFL Dolphins,REGULAR,DC,auto_aprobado,2026-08-10
28100009293,Rambler 35oz Strw Mg 2.0 Blk: NFL Saints,REGULAR,DC,auto_aprobado,2026-08-10
28100009294,Rambler 35oz Str Mg 2.0 GldA: NFL Saints,REGULAR,DC,auto_aprobado,2026-08-10
28100009295,Rambler 35oz Strw Mg 2.0 BlG: NFL Giants,REGULAR,DC,auto_aprobado,2026-08-10
28100009297,Rambler 35oz Strw Mg 2.0 Blk: NFL Jets,REGULAR,DC,auto_aprobado,2026-08-10
28100009298,Rambler 35oz Strw Mg 2.0 GrnB: NFL Jets,REGULAR,DC,auto_aprobado,2026-08-10
28100009301,Rambler 35oz StrMg 2.0 Blk: NFL Steelers,REGULAR,DC,auto_aprobado,2026-08-10
28100009304,Rambler 35oz Strw Mg 2.0 RedB: NFL 49ers,REGULAR,DC,auto_aprobado,2026-08-10
28100009308,Rambler 35oz Strw Mg 2.0 Red B: NFL Bucs,REGULAR,DC,auto_aprobado,2026-08-10
28100009311,Rambler 35oz StrMg 2.0 MrnB: NFL Cmmndrs,REGULAR,DC,auto_aprobado,2026-08-10
28100009344,Rambler 35oz Strw Mg 2.0 Blk: NHL Jets,REGULAR,DC,auto_aprobado,2026-08-10
28100009353,Rambler 26oz Chug Btl BLK: MLB Dbacks,REGULAR,DC,auto_aprobado,2026-08-10
28100009355,Rambler 26oz Chug Btl NvA: MLB Braves,REGULAR,DC,auto_aprobado,2026-08-10
28100009357,Rambler 26oz Chug Btl BLK: MLB Orioles,REGULAR,DC,auto_aprobado,2026-08-10
28100009359,Rambler 26oz Chug Btl Navy: MLB Red Sox,REGULAR,DC,auto_aprobado,2026-08-10
28100009361,Rambler 26oz Chug Btl Blue E: MLB Cubs,REGULAR,DC,auto_aprobado,2026-08-10
28100009363,Rambler 26oz Chug Btl BLK: MLB White Sox,REGULAR,DC,auto_aprobado,2026-08-10
28100009365,Rambler 26oz Chug Btl BLK: MLB Reds,REGULAR,DC,auto_aprobado,2026-08-10
28100009371,Rambler 26oz Chug Btl BLK: MLB Tigers,REGULAR,DC,auto_aprobado,2026-08-10
28100009372,Rambler 26oz Chug Btl NvA: MLB Tigers,REGULAR,DC,auto_aprobado,2026-08-10
28100009373,Rambler 26oz Chug Btl Navy: MLB Astros,REGULAR,DC,auto_aprobado,2026-08-10
28100009379,Rambler 26oz Chug Btl BlueE: MLB Dodgers,REGULAR,DC,auto_aprobado,2026-08-10
28100009380,Rambler 26oz Chug Btl WHT: MLB Dodgers,REGULAR,DC,auto_aprobado,2026-08-10
28100009381,Rambler 26oz Chug Btl BLK: MLB Marlins,REGULAR,DC,auto_aprobado,2026-08-10
28100009383,Rambler 26oz Chug Btl Navy: MLB Brewers,REGULAR,DC,auto_aprobado,2026-08-10
28100009389,Rambler 26oz Chug Btl NavyA: MLB Yankees,REGULAR,DC,auto_aprobado,2026-08-10
28100009395,Rambler 26oz Chug Btl BLK: MLB Pirates,REGULAR,DC,auto_aprobado,2026-08-10
28100009396,Rambler 26oz Chug Btl YllwB: MLB Pirates,REGULAR,DC,auto_aprobado,2026-08-10
28100009398,Rambler 26oz Chug Btl WHT: MLB Padres,REGULAR,DC,auto_aprobado,2026-08-10
28100009399,Rambler 26oz Chug Btl BLK: MLB Giants,REGULAR,DC,auto_aprobado,2026-08-10
28100009401,Rambler 26oz Chug Btl Navy: MLB Mariners,REGULAR,DC,auto_aprobado,2026-08-10
28100009403,Rambler 26oz Chug Btl NVY: MLB Cardinals,REGULAR,DC,auto_aprobado,2026-08-10
28100009407,Rambler 26oz Chug Btl Navy: MLB Rangers,REGULAR,DC,auto_aprobado,2026-08-10
28100009408,Rambler 26oz Chug Btl RR: MLB Rangers,REGULAR,DC,auto_aprobado,2026-08-10
28100009409,Rambler 26oz Chug Btl NVY: MLB Blue Jays,REGULAR,DC,auto_aprobado,2026-08-10
28100009475,Rambler 26oz Chug Btl BLK: NBA Nets,REGULAR,DC,auto_aprobado,2026-08-10
28100009479,Rambler 26oz Chug Btl BLK: NBA Bulls,REGULAR,DC,auto_aprobado,2026-08-10
28100009481,Rambler 26oz Chug Btl BLK: NBA Cavaliers,REGULAR,DC,auto_aprobado,2026-08-10
28100009483,Rambler 26oz Chug Btl BlC: NBA Mavericks,REGULAR,DC,auto_aprobado,2026-08-10
28100009489,Rambler 26oz Chug Btl BluE: NBA Warriors,REGULAR,DC,auto_aprobado,2026-08-10
28100009491,Rambler 26oz Chug Btl BLK: NBA Rockets,REGULAR,DC,auto_aprobado,2026-08-10
28100009497,Rambler 26oz Chug Btl Prpl A: NBA Lakers,REGULAR,DC,auto_aprobado,2026-08-10
28100009499,Rambler 26oz Chug Btl BLK: NBA Grizzlies,REGULAR,DC,auto_aprobado,2026-08-10
28100009501,Rambler 26oz Chug Btl BLK: NBA Heat,REGULAR,DC,auto_aprobado,2026-08-10
28100009519,Rambler 26oz Chug Btl BLK: NBA Blazers,REGULAR,DC,auto_aprobado,2026-08-10
28100009523,Rambler 26oz Chug Btl BLK: NBA Spurs,REGULAR,DC,auto_aprobado,2026-08-10
28100009531,Rambler 26oz Chug Btl BLK: NFL Cardinals,REGULAR,DC,auto_aprobado,2026-08-10
28100009533,Rambler 26oz Chug Btl BLK: NFL Falcons,REGULAR,DC,auto_aprobado,2026-08-10
28100009534,Rambler 26oz Chug Btl Red B: NFL Falcons,REGULAR,DC,auto_aprobado,2026-08-10
28100009535,Rambler 26oz Chug Btl BLK: NFL Ravens,REGULAR,DC,auto_aprobado,2026-08-10
28100009539,Rambler 26oz Chug Btl BLK: NFL Panthers,REGULAR,DC,auto_aprobado,2026-08-10
28100009543,Rambler 26oz Chug Btl BLK: NFL Bengals,REGULAR,DC,auto_aprobado,2026-08-10
28100009551,Rambler 26oz Chug Btl BLK: NFL Lions,REGULAR,DC,auto_aprobado,2026-08-10
28100009555,Rambler 26oz Chug Btl Navy B: NFL Texans,REGULAR,DC,auto_aprobado,2026-08-10
28100009557,Rambler 26oz Chug Btl Blue H: NFL Colts,REGULAR,DC,auto_aprobado,2026-08-10
28100009559,Rambler 26oz Chug Btl BLK: NFL Jaguars,REGULAR,DC,auto_aprobado,2026-08-10
28100009565,Rambler 26oz Chug Btl BlC: NFL Chargers,REGULAR,DC,auto_aprobado,2026-08-10
28100009569,Rambler 26oz Chug Btl Tl B: NFL Dolphins,REGULAR,DC,auto_aprobado,2026-08-10
28100009573,Rambler 26oz Chug Btl NvA: NFL Patriots,REGULAR,DC,auto_aprobado,2026-08-10
28100009575,Rambler 26oz Chug Btl BLK: NFL Saints,REGULAR,DC,auto_aprobado,2026-08-10
28100009576,Rambler 26oz Chug Btl Gold A: NFL Saints,REGULAR,DC,auto_aprobado,2026-08-10
28100009577,Rambler 26oz Chug Btl Blue G: NFL Giants,REGULAR,DC,auto_aprobado,2026-08-10
28100009579,Rambler 26oz Chug Btl BLK: NFL Jets,REGULAR,DC,auto_aprobado,2026-08-10
28100009581,RAMBLER 26OZ CHUG BTL BLK: NFL EAGLES,REGULAR,DC,auto_aprobado,2026-08-10
28100009585,Rambler 26oz Chug Btl BLK: NFL 49ers,REGULAR,DC,auto_aprobado,2026-08-10
28100009589,Rambler 26oz Chug Btl BLK: NFL Bucs,REGULAR,DC,auto_aprobado,2026-08-10
28100009590,Rambler 26oz Chug Btl Red B: NFL Bucs,REGULAR,DC,auto_aprobado,2026-08-10
28100009595,Rambler 26oz Chug Btl BLK: NHL Bruins,REGULAR,DC,auto_aprobado,2026-08-10
28100009597,Rambler 26oz Chug Bt BLK: NHL Blackhawks,REGULAR,DC,auto_aprobado,2026-08-10
28100009598,Rambler 26oz Chug Btl Nvy: NHL Avalanche,REGULAR,DC,auto_aprobado,2026-08-10
28100009602,Rambler 26oz Chug Btl BLK: NHL Devils,REGULAR,DC,auto_aprobado,2026-08-10
28100009603,Rambler 26oz Chug Btl Navy: NHL Rangers,REGULAR,DC,auto_aprobado,2026-08-10
28100009604,Rambler 26oz Chug Btl BLK: NHL Flyers,REGULAR,DC,auto_aprobado,2026-08-10
28100009606,Rambler 26oz ChgB BLK: NHL GoldenKnights,REGULAR,DC,auto_aprobado,2026-08-10
28100009614,Rambler 30 oz Tumbler Red B: MLB Dbacks,REGULAR,DC,auto_aprobado,2026-08-10
28100009618,Rambler 30 oz Tumbler OrngB: MLB Orioles,REGULAR,DC,auto_aprobado,2026-08-10
28100009621,Rambler 30 oz Tumbler Blue E: MLB Cubs,REGULAR,DC,auto_aprobado,2026-08-10
28100009639,Rambler 30 oz Tumbler Bl E: MLB  Dodgers,REGULAR,DC,auto_aprobado,2026-08-10
28100009647,Rambler 30 oz Tumbler Orng B: MLB Mets,REGULAR,DC,auto_aprobado,2026-08-10
28100009665,Rambler 30 oz Tumbler Blue F: MLB Rays,REGULAR,DC,auto_aprobado,2026-08-10
28100009736,Rambler 30 oz Tumbler Gray A: NBA Nets,REGULAR,DC,auto_aprobado,2026-08-10
28100009742,Rambler 30 oz Tumblr MrnB: NBA Cavaliers,REGULAR,DC,auto_aprobado,2026-08-10
28100009749,Rambler 30 oz Tumbler Bl E: NBA Warriors,REGULAR,DC,auto_aprobado,2026-08-10
28100009750,Rambler 30 oz Tumbler YlwB: NBA Warriors,REGULAR,DC,auto_aprobado,2026-08-10
28100009757,Rambler 30 oz Tumbler Prpl A: NBA Lakers,REGULAR,DC,auto_aprobado,2026-08-10
28100009758,Rambler 30 oz Tumbler Yllw B: NBA Lakers,REGULAR,DC,auto_aprobado,2026-08-10
28100009760,Rambler 30 oz Tumbler NvA: NBA Grizzlies,REGULAR,DC,auto_aprobado,2026-08-10
28100009769,Rambler 30 oz Tumbler Blue E: NBA Knicks,REGULAR,DC,auto_aprobado,2026-08-10
28100009770,Rambler 30 oz Tumbler Orng B: NBA Knicks,REGULAR,DC,auto_aprobado,2026-08-10
28100009777,Rambler 30 oz Tumbler Orange A: NBA Suns,REGULAR,DC,auto_aprobado,2026-08-10
28100009784,Rambler 30 oz Tumbler Gray A: NBA Spurs,REGULAR,DC,auto_aprobado,2026-08-10
28100009793,Rambler 30 oz Tumbler Red B: NFL Falcons,REGULAR,DC,auto_aprobado,2026-08-10
28100009799,Rambler 30 oz Tumblr BlueB: NFL Panthers,REGULAR,DC,auto_aprobado,2026-08-10
28100009800,Rambler 30 oz Tumbler Navy: NFL Bears,REGULAR,DC,auto_aprobado,2026-08-10
28100009803,Rambler 30 oz Tumblr Orng A: NFL Bengals,REGULAR,DC,auto_aprobado,2026-08-10
28100009835,Rambler 30 oz Tumbler Gold A: NFL Saints,REGULAR,DC,auto_aprobado,2026-08-10
28100009836,Rambler 30 oz Tumbler Blue G: NFL Giants,REGULAR,DC,auto_aprobado,2026-08-10
28100009844,RAMBLER 30 OZ TUMBLER BLK: NFL 49ERS,REGULAR,DC,auto_aprobado,2026-08-10
28100009847,Rambler 30 oz Tumbler Navy: NFL Seahawks,REGULAR,DC,auto_aprobado,2026-08-10
28100009849,Rambler 30 oz Tumbler Red B: NFL Bucs,REGULAR,DC,auto_aprobado,2026-08-10
28100009852,Rambler 30 oz Tumbl MrnB: NFL Commanders,REGULAR,DC,auto_aprobado,2026-08-10
28100009891,Rambler 20 oz MS Navy A: NFL Titans-2,REGULAR,DC,auto_aprobado,2026-08-10
28100009894,Rambler 26 oz Chug Btl NvyA: NFLTitans-2,REGULAR,DC,auto_aprobado,2026-08-10
28100009897,Rambler Colster 2.0 Navy A: NFL Titans-2,REGULAR,DC,auto_aprobado,2026-08-10
28100009900,YETI Flask Wht: NFL Titans-2,REGULAR,DC,auto_aprobado,2026-08-10
28100009903,Rambler 16 oz STK MS Black: NFL Rams-2,REGULAR,DC,auto_aprobado,2026-08-10
28100009904,Rambler 16 oz STK MS Yellow A: NFLRams-2,REGULAR,DC,auto_aprobado,2026-08-10
28100009906,Rambler 18 oz Chug BttYellow A:NFLRams-2,REGULAR,DC,auto_aprobado,2026-08-10
28100009912,Rambler 35oz Strw Mug 2.0 YlwA:NFLRams-2,REGULAR,DC,auto_aprobado,2026-08-10
28100009957,Rambler 30 oz Tumbler Black: NFL Rams-2,REGULAR,DC,auto_aprobado,2026-08-10
28100009958,Rambler 30 oz Tumbler YellowA:NFLRams-2,REGULAR,DC,auto_aprobado,2026-08-10
21071502275,RAMBLER 24 OZ MUG MS CSTM WHITE,REGULAR,DC,auto_aprobado,2026-08-17
21071503064,RAMBLER 35 OZ STRAW MUG CSTM TROPIC PINK,REGULAR,DC,auto_aprobado,2026-08-17
21071506587,RAMBLER 16 OZ STK MS CSTM PURPLE B,REGULAR,DC,auto_aprobado,2026-08-17
21071506593,RAMBLER 16 OZ STK MS CSTM NAVY A,REGULAR,DC,auto_aprobado,2026-08-17
21071506602,RAMBLER 16 OZ STK MS CSTM BLUE C,REGULAR,DC,auto_aprobado,2026-08-17
21071506672,RAMBLER COLSTER 2.0 CSTM BLUE G,REGULAR,DC,auto_aprobado,2026-08-17
21071506718,YETI FLASK CSTM ORANGE A,REGULAR,DC,auto_aprobado,2026-08-17
21071506721,YETI FLASK CSTM NAVY A,REGULAR,DC,auto_aprobado,2026-08-17
21071507745,RAMBLER 18 OZ C STRAW BOTTLE CSTM DBLOOM,REGULAR,DC,auto_aprobado,2026-08-17
21071508456,RAMBLER 26 OZ BOTTLE FCHUG CSTM STAG RED,REGULAR,DC,auto_aprobado,2026-08-17
21071508784,RAMBLER 18 OZ C STRAW BOTTLE CST PAMPAGR,REGULAR,DC,auto_aprobado,2026-08-17
21071508899,RAMBLER 18 OZ BTL C CHUG CST DESBLOOM,REGULAR,DC,auto_aprobado,2026-08-17
21071509007,RAMBLER 24 OZ CL MUG 2.0 MS CSTM WETCAMO,REGULAR,DC,auto_aprobado,2026-08-17
21071509095,RAMBLER 10 OZ CL MUG MS CST WETLANDSCAMO,REGULAR,DC,auto_aprobado,2026-08-17
21071510127,RAMBLER 30 OZ TUMBLER CSTM PURPLE A,REGULAR,DC,auto_aprobado,2026-08-17
28000009754,RAMBLER 20 OZ MS GREEN B:NCAA N DAKOTAST,REGULAR,DC,auto_aprobado,2026-08-17
28000009755,RAMBLER 16 OZ STK GREEN B:NCAA NDAKOTAST,REGULAR,DC,auto_aprobado,2026-08-17
28000009756,RAMBLER 18 OZ BOTTLECHGREENB:NCAA NDAKOT,REGULAR,DC,auto_aprobado,2026-08-17
28000009757,RAMBLER COLSTER GREEN B: NCAAN DAKOTA ST,REGULAR,DC,auto_aprobado,2026-08-17
28000009779,RAMBLER 20 OZ MS MARNB:NCAAUOF MINNESOTA,REGULAR,DC,auto_aprobado,2026-08-17
28000009781,RAMBLER 18 OZ BOTTLECHMAROONB:UOFMINNESO,REGULAR,DC,auto_aprobado,2026-08-17
28100006594,RAMBLER 16 OZ STK MS CLY: NCAA TEXAS,REGULAR,DC,auto_aprobado,2026-08-17
28100007029,RAMBLER 20 OZ MS PURPLE A: NCAA KANSASST,REGULAR,DC,auto_aprobado,2026-08-17
28100009564,RAMBLER 26OZ CHUG BTL GRAYA: NFL RAIDERS,REGULAR,DC,auto_aprobado,2026-08-17
28100011243,RAMBLER 20 OZ MS WHT: NFLPA DC PICKENS26,REGULAR,DC,auto_aprobado,2026-08-17
21071300100,RAMBLER 20 OZ TUMBLER MS CUSTOM BLACK,REGULAR,DC,auto_aprobado,2026-08-24
21071500489,RAMBLER 30 OZ TUMBLER MS CSTKINGCRABORAN,REGULAR,DC,auto_aprobado,2026-08-24
21071502274,RAMBLER 24 OZ MUG MS CSTM NAVY,REGULAR,DC,auto_aprobado,2026-08-24
21071503041,RAMBLER 18 OZ HOTSHOT BOTTLE CSTTROPPINK,REGULAR,DC,auto_aprobado,2026-08-24
21071503067,RAMBLER 30 OZ TRAVEL MUG CST TROPIC PINK,REGULAR,DC,auto_aprobado,2026-08-24
21071503637,RAMBLER 20 OZ TRAVEL MUG CSTM CAPE TAUPE,REGULAR,DC,auto_aprobado,2026-08-24
21071503640,RAMBLER BEVERAGE BUCKET CSTM CAPE TAUPE,BUCKET,DC,auto_aprobado,2026-08-24
21071506083,RAMBLER 26 OZ BOTTLE CHUG CST CHBLOSSOM,REGULAR,DC,auto_aprobado,2026-08-24
21071506557,RAMBLER 20 OZ TUMBLER MS CSTM BLUE B,REGULAR,DC,auto_aprobado,2026-08-24
21071506595,RAMBLER 16 OZ STK MS CSTM BLUE D,REGULAR,DC,auto_aprobado,2026-08-24
21071506597,RAMBLER 16 OZ STK MS CSTM NAVY B,REGULAR,DC,auto_aprobado,2026-08-24
21071506608,RAMBLER 16 OZ STK MS CSTM BLUE G,REGULAR,DC,auto_aprobado,2026-08-24
21071506630,RAMBLER 18 OZ BOTTLE CHUG CSTM BLUE H,REGULAR,DC,auto_aprobado,2026-08-24
21071507667,RAMBLER 26 OZ BOTTLE FCHUG CSTM TROPPINK,REGULAR,DC,auto_aprobado,2026-08-24
21071508113,RAMBLER 35 OZ STRAW MUG 2.0 CSTM PAMPAGR,REGULAR,DC,auto_aprobado,2026-08-24
21071508114,RAMBLER 35 OZ STRAW MUG 2.0 CST STAG RED,REGULAR,DC,auto_aprobado,2026-08-24
21071508439,RAMBLER 10 OZ CL WINE MS CST PAMPA GREEN,REGULAR,DC,auto_aprobado,2026-08-24
21071508440,RAMBLER 20 OZ COCKTAIL SHAKER CSTPAMPAGR,SHAKER,DC,auto_aprobado,2026-08-24
21071508441,RAMBLER BEVERAGE BUCKET CSTM PAMPA GREEN,BUCKET,DC,auto_aprobado,2026-08-24
21071508443,RAMBLER 64 OZ PITCHER CSTM PAMPA GREEN,REGULAR,DC,auto_aprobado,2026-08-24
21071508444,RAMBLER 10 OZ CL MUG MS CSTM PAMPA GREEN,REGULAR,DC,auto_aprobado,2026-08-24
21071508445,RAMBLER 14 OZ CL MUG 2.0 MS CSTM PAMPAGR,REGULAR,DC,auto_aprobado,2026-08-24
21071508447,RAMBLER 8 OZ CL CUP MS CSTM PAMPA GREEN,REGULAR,DC,auto_aprobado,2026-08-24
21071508448,RAMBLER 16 OZ STK MS CSTM PAMPA GREEN,REGULAR,DC,auto_aprobado,2026-08-24
21071508449,RAMBLER 20 OZ STK MS CSTM PAMPA GREEN,REGULAR,DC,auto_aprobado,2026-08-24
21071508450,RAMBLER 20 OZ TRAVEL STR MUG CST PAMPAGR,REGULAR,DC,auto_aprobado,2026-08-24
21071508451,RAMBLER 30 OZ TRAVEL STR MUG CST PAMPAGR,REGULAR,DC,auto_aprobado,2026-08-24
21071508452,RAMBLER 40 OZ TRAVEL STR MUG CST PAMPAGR,REGULAR,DC,auto_aprobado,2026-08-24
21071508453,RAMBLER 10 OZ CL MUG MS CSTM STAG RED,REGULAR,DC,auto_aprobado,2026-08-24
21071508454,RAMBLER 14 OZ CL MUG 2.0 MS CST STAG RED,REGULAR,DC,auto_aprobado,2026-08-24
21071508455,RAMBLER 18 OZ BOTTLE FCHUG CSTM STAG RED,REGULAR,DC,auto_aprobado,2026-08-24
21071508458,RAMBLER 20 OZ TUMBLER MS CSTM STAG RED,REGULAR,DC,auto_aprobado,2026-08-24
21071508459,RAMBLER 30 OZ TUMBLER MS CSTM STAG RED,REGULAR,DC,auto_aprobado,2026-08-24
21071508460,RAMBLER 8 OZ CL CUP MS CSTM STAG RED,REGULAR,DC,auto_aprobado,2026-08-24
21071508461,RAMBLER 16 OZ STK MS CSTM STAG RED,REGULAR,DC,auto_aprobado,2026-08-24
21071508462,RAMBLER 20 OZ STK MS CSTM STAG RED,REGULAR,DC,auto_aprobado,2026-08-24
21071508463,RAMBLER 30 OZ TRAVEL STR MUG CST STAGRED,REGULAR,DC,auto_aprobado,2026-08-24
21071508464,RAMBLER 40 OZ TRAVEL STR MUG CST STAGRED,REGULAR,DC,auto_aprobado,2026-08-24
21071508466,RAMBLER 12 OZ TRAVEL BOTTLE CST STAG RED,REGULAR,DC,auto_aprobado,2026-08-24
21071508467,RAMBLER 16 OZ TRAVEL BOTTLE CST STAG RED,REGULAR,DC,auto_aprobado,2026-08-24
21071508468,RAMBLER 36 OZ BTL C CHUG CSTM STAG RED,REGULAR,DC,auto_aprobado,2026-08-24
21071508470,RAMBLER 64 OZ BTL C CHUG CSTM STAG RED,REGULAR,DC,auto_aprobado,2026-08-24
21071508488,RAMBLER 8 OZ FOOD JAR CSTM STAG RED,REGULAR,DC,auto_aprobado,2026-08-24
21071508489,RAMBLER 16 OZ FOOD JAR CSTM STAG RED,REGULAR,DC,auto_aprobado,2026-08-24
21071508490,RAMBLER 24 OZ FOOD JAR CSTM STAG RED,REGULAR,DC,auto_aprobado,2026-08-24
21071508495,BOOMER 4 DOG BOWL CSTM PAMPA GREEN,REGULAR,DC,auto_aprobado,2026-08-24
21071508499,BOOMER 8 DOG BOWL CSTM PAMPA GREEN,REGULAR,DC,auto_aprobado,2026-08-24
21071508730,RAMBLER 18 OZ C STRAW BTL CST SEA VIEW,REGULAR,DC,auto_aprobado,2026-08-24
21071508798,RAMBLER 26 OZ C STRAW BOTTLE CST PAMPAGR,REGULAR,DC,auto_aprobado,2026-08-24
21071508804,RAMBLER 36 OZ BTL C CHUG CST PAMPA GREEN,REGULAR,DC,auto_aprobado,2026-08-24
21071509016,RAMBLER 24 OZ CL MUG 2.0 MS CSTPAMPGREEN,REGULAR,DC,auto_aprobado,2026-08-24
21071509072,RAMBLER 18 OZ BOTTLE FCHUG CSTPAMPAGREEN,REGULAR,DC,auto_aprobado,2026-08-24
21071509074,RAMBLER 20 OZ TUMBLER MS CST PAMPA GREEN,REGULAR,DC,auto_aprobado,2026-08-24
21071509096,RAMBLER 14 OZ CL MUG 2.0 MS CST WETLCAMO,REGULAR,DC,auto_aprobado,2026-08-24
21071510120,RAMBLER 26 OZ CHUG BOTTLE CSTM ORANGE A,REGULAR,DC,auto_aprobado,2026-08-24
21071510126,RAMBLER 26 OZ CHUG BOTTLE CSTM PURPLE A,REGULAR,DC,auto_aprobado,2026-08-24
21071510128,RAMBLER 35 OZ STRAW MUG 2.0 CST PURPLE A,REGULAR,DC,auto_aprobado,2026-08-24
21071510149,RAMBLER 35 OZ STRAW MUG 2.0 CST YELLOW B,REGULAR,DC,auto_aprobado,2026-08-24
21071510200,RAMBLER 24 OZ CL MUG 2.0 MS CSTM RESRED,REGULAR,DC,auto_aprobado,2026-08-24
28000009764,RAMBLER 20 OZ MS BLUE E: NCAAS METHODIST,REGULAR,DC,auto_aprobado,2026-08-24
28000009773,Rambler 35 oz Straw 2.0YllwB:NCAAUofIowa,REGULAR,DC,auto_aprobado,2026-08-24
28000009805,Rambler 35oz Str Mg 2.0 NvA: NCAA Auburn,REGULAR,DC,auto_aprobado,2026-08-24
28000009820,Rambler 35oz StrM 2.0 PrA: NCAA KansasSt,REGULAR,DC,auto_aprobado,2026-08-24
28000009822,Rambler 35oz Str Mg 2.0 PrplA: NCAA LSU,REGULAR,DC,auto_aprobado,2026-08-24
28000009841,Rambler 35oz StM2.0 YlB: NCAA Pittsburgh,REGULAR,DC,auto_aprobado,2026-08-24
28000009849,Rambler 35oz StrMg 2 PrA: NCAA Christian,REGULAR,DC,auto_aprobado,2026-08-24
28000009851,Rambler 35oz Str Mg 2.0 NvA: NCAA UCONN,REGULAR,DC,auto_aprobado,2026-08-24
28000009858,Rambler 35oz StrMg 2.0 PrA: NCAA Wshngtn,REGULAR,DC,auto_aprobado,2026-08-24
28100004687,RAMBLER 20 OZ MS WHT: DALLAS COWBOYS,REGULAR,DC,auto_aprobado,2026-08-24
28100004688,RAMBLER 20 OZ MS BLK: DALLAS COWBOYS,REGULAR,DC,auto_aprobado,2026-08-24
28100005236,RAMBLER 16 OZ STK MS BLK: J.DEERE,REGULAR,DC,auto_aprobado,2026-08-24
28100005237,RAMBLER 20 OZ STK MS BLK: J.DEERE,REGULAR,DC,auto_aprobado,2026-08-24
28100005249,RAMBLER 18 OZ BOTTLE CHUG BLK: J.DEERE,REGULAR,DC,auto_aprobado,2026-08-24
28100005277,RAMBLER COLSTER SLIM WHT: J.DEERE,REGULAR,DC,auto_aprobado,2026-08-24
28100006562,RAMBLER 16 OZ STK MS BLK: NFL 49ERS,REGULAR,DC,auto_aprobado,2026-08-24
28100006591,Rambler 16 oz STK MS Blue H: NFL Colts,REGULAR,DC,auto_aprobado,2026-08-24
28100006609,Rambler 16 oz STK MS Navy A: NFLPatriots,REGULAR,DC,auto_aprobado,2026-08-24
28100006640,Rambler 16 oz STK MS Navy A: MLB Braves,REGULAR,DC,auto_aprobado,2026-08-24
28100006658,RAMBLER 16 OZ STK MS RRD: NCAA NEBRASKA,REGULAR,DC,auto_aprobado,2026-08-24
28100006967,RAMBLER 20 OZ MS BLUE E: NCAA FLORIDA,REGULAR,DC,auto_aprobado,2026-08-24
28100007038,RAMBLER 20 OZ MS RED B: NCAA ARKANSAS,REGULAR,DC,auto_aprobado,2026-08-24
28100007099,RAMBLER 20 OZ MS WHT: NCAA TEXAS,REGULAR,DC,auto_aprobado,2026-08-24
28100007190,RAMBLER 42 OZ STR MUG HVR: NCAAFLORIDAST,REGULAR,DC,auto_aprobado,2026-08-24
28100007389,RAMBLER COLSTER 2.0 HVR: NCAA FLORIDA ST,REGULAR,DC,auto_aprobado,2026-08-24
28100009073,Rambler 35oz Strw Mg 2.0 NvA: MLB Braves,REGULAR,DC,auto_aprobado,2026-08-24
28100009087,Rambler 35oz Str M 2.0 PrpA: MLB Rockies,REGULAR,DC,auto_aprobado,2026-08-24
28100009090,Rambler 35oz Strw Mg 2.0 NvA: MLB Tigers,REGULAR,DC,auto_aprobado,2026-08-24
28100009107,Rambler 35oz Str Mg 2.0 NvA: MLB Yankees,REGULAR,DC,auto_aprobado,2026-08-24
28100009114,Rambler 35oz Str M 2.0 YlwB: MLB Pirates,REGULAR,DC,auto_aprobado,2026-08-24
28100009203,Rambler 35oz Str Mg 2.0 NvA: NBA Nuggets,REGULAR,DC,auto_aprobado,2026-08-24
28100009208,Rambler 35oz StrMg 2.0 YlB: NBA Warriors,REGULAR,DC,auto_aprobado,2026-08-24
28100009212,Rambler 35oz Strw Mg 2.0 YlB: NBA Pacers,REGULAR,DC,auto_aprobado,2026-08-24
28100009215,Rambler 35oz StrMg 2.0 PrplA: NBA Lakers,REGULAR,DC,auto_aprobado,2026-08-24
28100009216,Rambler 35oz Str Mg 2.0 YlwB: NBA Lakers,REGULAR,DC,auto_aprobado,2026-08-24
28100009218,Rambler 35oz StrM 2.0 NvA: NBA Grizzlies,REGULAR,DC,auto_aprobado,2026-08-24
28100009239,Rambler 35oz Strw Mg 2.0 PrpA: NBA Kings,REGULAR,DC,auto_aprobado,2026-08-24
28100009243,Rambler 35oz Str Mg 2.0 PrA: NBA Raptors,REGULAR,DC,auto_aprobado,2026-08-24
28100009245,Rambler 35oz Strw Mg 2.0 PrplA: NBA Jazz,REGULAR,DC,auto_aprobado,2026-08-24
28100009265,Rambler 35oz Str Mg 2.0 NvA: NFL Cowboys,REGULAR,DC,auto_aprobado,2026-08-24
28100009270,Rambler 35oz Strw Mg 2.0 Bl D: NFL Lions,REGULAR,DC,auto_aprobado,2026-08-24
28100009273,Rambler 35oz Strw Mg 2.0 NvB: NFL Texans,REGULAR,DC,auto_aprobado,2026-08-24
28100009289,Rambler 35oz Str Mg 2.0 PrA: NFL Vikings,REGULAR,DC,auto_aprobado,2026-08-24
28100009291,Rambler 35oz StrMg 2.0 NvA: NFL Patriots,REGULAR,DC,auto_aprobado,2026-08-24
28100009302,Rambler 35oz StrM 2.0 YlwB: NFL Steelers,REGULAR,DC,auto_aprobado,2026-08-24
28100009473,Rambler 26oz Chug Btl GrnB: NBA Celtics,REGULAR,DC,auto_aprobado,2026-08-24
28100009503,Rambler 26oz Chug Btl Green B: NBA Bucks,REGULAR,DC,auto_aprobado,2026-08-24
28100009580,Rambler 26oz Chug Btl Green B: NFL Jets,REGULAR,DC,auto_aprobado,2026-08-24
28100009593,Rambler 26oz Chug B MrnB: NFL Commanders,REGULAR,DC,auto_aprobado,2026-08-24
28100009896,Rambler 35 oz StrwMg 2.0NvyA:NFLTitans-2,REGULAR,DC,auto_aprobado,2026-08-24
28100009964,Rambler 16 oz STK Green E: NFLSeahawks-2,REGULAR,DC,auto_aprobado,2026-08-24
28100010331,Rambler 35oz St Mg 2.0 YllwB: Boston Bru,REGULAR,DC,auto_aprobado,2026-08-24
28100010361,Rambler 35oz Str Mg 2.0 YllwB: Nashvi Pr,REGULAR,DC,auto_aprobado,2026-08-24
28100010373,Rambler 35oz Str Mg 2.0 YllwB: PPenguins,REGULAR,DC,auto_aprobado,2026-08-24
21070070052,RAMBLER 30 OZ TUMBLER MS CUSTOM CLAY,REGULAR,DC,auto_aprobado,2026-08-31
21071502034,RAMBLER 18 OZ C STRAW BOTTLE CST NAVY,REGULAR,DC,auto_aprobado,2026-08-31
21071505293,RAMBLER COLSTER 2.0 CSTM CLAY,REGULAR,DC,auto_aprobado,2026-08-31
21071506043,RAMBLER 16 OZ TRAVEL BOTTLE CSTM BFGREEN,REGULAR,DC,auto_aprobado,2026-08-31
21071506098,RAMBLER 30 OZ TUMBLER MS CST MOON DUST,REGULAR,DC,auto_aprobado,2026-08-31
21071506604,RAMBLER 16 OZ STK MS CSTM TEAL B,REGULAR,DC,auto_aprobado,2026-08-31
21071507299,RAMBLER 30 OZ TRAVEL STR MUG CSTM SEASTN,REGULAR,DC,auto_aprobado,2026-08-31
21071507334,BOOMER 8 DOG BOWL CSTM DESERT BLOOM,REGULAR,DC,auto_aprobado,2026-08-31
21071507748,RAMBLER 26 OZ C STRAW BOTTLE CSTM DBLOOM,REGULAR,DC,auto_aprobado,2026-08-31
21071507881,RAMBLER 26 OZ BOTTLE CHUG CSTM CLAY,REGULAR,DC,auto_aprobado,2026-08-31
21071508442,RAMBLER WINE CHILLER CSTM PAMPA GREEN,REGULAR,DC,auto_aprobado,2026-08-31
21071508465,RAMBLER 8 OZ TRAVEL BOTTLE CSTM STAG RED,REGULAR,DC,auto_aprobado,2026-08-31
21071508476,RAMBLER 10 OZ TUMBLER MS CST PACE PURPLE,REGULAR,DC,auto_aprobado,2026-08-31
21071508483,RAMBLER 16 OZ TRAVEL BOTTLE CST PPURPLE,REGULAR,DC,auto_aprobado,2026-08-31
21071510075,RAMBLER 26 OZ CHUG BOTTLE CSTM BLUE D,REGULAR,DC,auto_aprobado,2026-08-31
21071510076,RAMBLER 30 OZ TUMBLER CSTM BLUE D,REGULAR,DC,auto_aprobado,2026-08-31
21071510078,RAMBLER 26 OZ CHUG BOTTLE CSTM BLUE E,REGULAR,DC,auto_aprobado,2026-08-31
21071510079,RAMBLER 30 OZ TUMBLER CSTM BLUE E,REGULAR,DC,auto_aprobado,2026-08-31
21071510080,RAMBLER 35 OZ STRAW MUG 2.0 CSTM BLUE E,REGULAR,DC,auto_aprobado,2026-08-31
21071510081,RAMBLER 26 OZ CHUG BOTTLE CSTM BLUE G,REGULAR,DC,auto_aprobado,2026-08-31
21071510101,RAMBLER 30 OZ TUMBLER CSTM GREEN C,REGULAR,DC,auto_aprobado,2026-08-31
21071510103,RAMBLER 26 OZ CHUG BOTTLE CSTM GREEN D,REGULAR,DC,auto_aprobado,2026-08-31
21071510104,RAMBLER 30 OZ TUMBLER CSTM GREEN D,REGULAR,DC,auto_aprobado,2026-08-31
21071510109,RAMBLER 26 OZ CHUG BOTTLE CSTM MAROON B,REGULAR,DC,auto_aprobado,2026-08-31
21071510110,RAMBLER 30 OZ TUMBLER CSTM MAROON B,REGULAR,DC,auto_aprobado,2026-08-31
21071510111,RAMBLER 35 OZ STRAW MUG 2.0 CST MAROON B,REGULAR,DC,auto_aprobado,2026-08-31
21071510112,RAMBLER 26 OZ CHUG BOTTLE CSTM NAVY A,REGULAR,DC,auto_aprobado,2026-08-31
21071510113,RAMBLER 30 OZ TUMBLER CSTM NAVY A,REGULAR,DC,auto_aprobado,2026-08-31
21071510114,RAMBLER 35 OZ STRAW MUG 2.0 CSTM NAVY A,REGULAR,DC,auto_aprobado,2026-08-31
21071510123,RAMBLER 26 OZ CHUG BOTTLE CSTM ORANGE B,REGULAR,DC,auto_aprobado,2026-08-31
21071510124,RAMBLER 30 OZ TUMBLER CSTM ORANGE B,REGULAR,DC,auto_aprobado,2026-08-31
21071510131,RAMBLER 35 OZ STRAW MUG 2.0 CST PURPLE B,REGULAR,DC,auto_aprobado,2026-08-31
21071510132,RAMBLER 26 OZ CHUG BOTTLE CSTM RED B,REGULAR,DC,auto_aprobado,2026-08-31
21071510133,RAMBLER 30 OZ TUMBLER CSTM RED B,REGULAR,DC,auto_aprobado,2026-08-31
21071510134,RAMBLER 35 OZ STRAW MUG 2.0 CSTM RED B,REGULAR,DC,auto_aprobado,2026-08-31
21071510135,RAMBLER 26 OZ CHUG BOTTLE CSTM RED C,REGULAR,DC,auto_aprobado,2026-08-31
21071510138,RAMBLER 26 OZ CHUG BOTTLE CSTM TEAL B,REGULAR,DC,auto_aprobado,2026-08-31
21071510140,RAMBLER 35 OZ STRAW MUG 2.0 CSTM TEAL B,REGULAR,DC,auto_aprobado,2026-08-31
21071510156,RAMBLER 35OZ STRAW MUG 2.0 CSTM CLAY,REGULAR,DC,auto_aprobado,2026-08-31
21071510157,RAMBLER 35OZ STRAW MUG 2.0 CSTM BF GREEN,REGULAR,DC,auto_aprobado,2026-08-31
28000008503,RAMBLER 20 OZ MS BLK: JOHN DEERE,REGULAR,DC,auto_aprobado,2026-08-31
28000009719,RAMBLER 16 OZ STK MS BLK: OK ST COWBOYS,REGULAR,DC,auto_aprobado,2026-08-31
28000009752,RAMBLER COLSTER BLUE F: NCAAMONTANA ST U,REGULAR,DC,auto_aprobado,2026-08-31
28000009760,RAMBLER 16 OZ STKORANGE B: NCAA OKLAHOMA,REGULAR,DC,auto_aprobado,2026-08-31
28000009762,RAMBLER COLSTER ORANGE B: NCAA OKLAHOMA,REGULAR,DC,auto_aprobado,2026-08-31
28000009784,RAMBLER 20 OZ MS MAROOB:NCAAU OF MONTANA,REGULAR,DC,auto_aprobado,2026-08-31
28000009785,RAMBLER 16 OZ STK MAROB:NCAAU OF MONTANA,REGULAR,DC,auto_aprobado,2026-08-31
28000009845,RAMBLER 35OZ STRMG 2 WHT: NCAA TENNESSEE,REGULAR,DC,auto_aprobado,2026-08-31
28000009884,RAMBLER 26OZ CHUG BTL NVY: NCAA ILLINOIS,REGULAR,DC,auto_aprobado,2026-08-31
28000009977,RAMBLER 30 OZ TUMBLR WHT: NCAA TENNESSEE,REGULAR,DC,auto_aprobado,2026-08-31
28000010751,RAMBLER 16 OZ STK MS MRNB: VIRGINIA TECH,REGULAR,DC,auto_aprobado,2026-08-31
28000010756,RAMBLER 35OZ STRWMG2.0MRNB: VIRGINIATECH,REGULAR,DC,auto_aprobado,2026-08-31
28000010757,RAMBLER COLSTER 2.0 MRN B: VIRGINIA TECH,REGULAR,DC,auto_aprobado,2026-08-31
28100004824,RAMBLER 20 OZ MS WHT: WA COMMANDERS,REGULAR,DC,auto_aprobado,2026-08-31
28100005264,RAMBLER 20 OZ STK MS WHT: J.DEERE,REGULAR,DC,auto_aprobado,2026-08-31
28100006621,RAMBLER 16 OZ STK MS NVY: NCAA PENNSTATE,REGULAR,DC,auto_aprobado,2026-08-31
28100006645,RAMBLER 16 OZ STK MS RED B: NCAAOKLAHOMA,REGULAR,DC,auto_aprobado,2026-08-31
28100006649,RAMBLER 16 OZ STK MS RED C: NFLCARDINALS,REGULAR,DC,auto_aprobado,2026-08-31
28100006757,RAMBLER 18 OZ CHUG BLUE E: NCAA KENTUCKY,REGULAR,DC,auto_aprobado,2026-08-31
28100006796,RAMBLER 18 OZ CHUG NVY: NCAA MICHIGAN,REGULAR,DC,auto_aprobado,2026-08-31
28100006822,RAMBLER 18 OZ CHUG RED B: NCAA ARKANSAS,REGULAR,DC,auto_aprobado,2026-08-31
28100006876,RAMBLER 18 OZ CHUG WHT: NCAA MICHIGAN,REGULAR,DC,auto_aprobado,2026-08-31
28100007008,RAMBLER 20 OZ MS NVY: NCAA MICHIGAN,REGULAR,DC,auto_aprobado,2026-08-31
28100007010,RAMBLER 20 OZ MS NVY: NCAA PENN STATE,REGULAR,DC,auto_aprobado,2026-08-31
28100007298,RAMBLER 42 OZ STR RED B: NCAA ARKANSAS,REGULAR,DC,auto_aprobado,2026-08-31
28100007344,RAMBLER COLSTER 2.0 BLK: NFL CARDINALS,REGULAR,DC,auto_aprobado,2026-08-31
28100009532,RAMBLER 26OZ CHUG BTL RDC: NFL CARDINALS,REGULAR,DC,auto_aprobado,2026-08-31
28100009791,RAMBLER 30 OZ TUMBLR REDC: NFL CARDINALS,REGULAR,DC,auto_aprobado,2026-08-31
28100009886,RAMBLER 30 OZ TUMBLER BLK: NFL CARDINALS,REGULAR,DC,auto_aprobado,2026-08-31
21071500861,RAMBLER 20 OZ MS VERDE: ATX-FC CREST,REGULAR,DC,auto_aprobado,2026-09-07
21071504110,RAMBLER 26 OZ STRAW BOTTLE CSTM BLACK,REGULAR,DC,auto_aprobado,2026-09-07
21071506607,RAMBLER 16 OZ STK MS CSTM GOLD A,REGULAR,DC,auto_aprobado,2026-09-07
21071506613,RAMBLER 16 OZ STK MS CSTM GREEN E,REGULAR,DC,auto_aprobado,2026-09-07
21071506738,YETI FLASK CSTM GREEN D,REGULAR,DC,auto_aprobado,2026-09-07
21071508473,RAMBLER 64 OZ BTL C CHUG CSTPACPURPLE,REGULAR,DC,auto_aprobado,2026-09-07
21071508505,RAMBLER 30 OZ TUMBLER MS CSTM KING CRAB,REGULAR,DC,auto_aprobado,2026-09-07
21071510070,RAMBLER 30 OZ TUMBLER CSTM BLUE B,REGULAR,DC,auto_aprobado,2026-09-07
21071510077,RAMBLER 35 OZ STRAW MUG 2.0 CSTM BLUE D,REGULAR,DC,auto_aprobado,2026-09-07
21071510083,RAMBLER 35 OZ STRAW MUG 2.0 CSTM BLUE G,REGULAR,DC,auto_aprobado,2026-09-07
21071510084,RAMBLER 26 OZ CHUG BOTTLE CSTM BLUE H,REGULAR,DC,auto_aprobado,2026-09-07
21071510088,RAMBLER 30 OZ TUMBLER CSTM BROWN A,REGULAR,DC,auto_aprobado,2026-09-07
21071510091,RAMBLER 26 OZ CHUG BOTTLE CSTM GOLD A,REGULAR,DC,auto_aprobado,2026-09-07
21071510092,RAMBLER 30 OZ TUMBLER CSTM GOLD A,REGULAR,DC,auto_aprobado,2026-09-07
21071510096,RAMBLER 35 OZ STRAW MUG 2.0 CSTM GRAY A,REGULAR,DC,auto_aprobado,2026-09-07
21071510097,RAMBLER 26 OZ CHUG BOTTLE CSTM GREEN B,REGULAR,DC,auto_aprobado,2026-09-07
21071510098,RAMBLER 30 OZ TUMBLER CSTM GREEN B,REGULAR,DC,auto_aprobado,2026-09-07
21071510099,RAMBLER 35 OZ STRAW MUG 2.0 CSTM GREEN B,REGULAR,DC,auto_aprobado,2026-09-07
21071510100,RAMBLER 26 OZ CHUG BOTTLE CSTM GREEN C,REGULAR,DC,auto_aprobado,2026-09-07
21071510102,RAMBLER 35 OZ STRAW MUG 2.0 CSTM GREEN C,REGULAR,DC,auto_aprobado,2026-09-07
21071510105,RAMBLER 35 OZ STRAW MUG 2.0 CSTM GREEN D,REGULAR,DC,auto_aprobado,2026-09-07
21071510116,RAMBLER 35 OZ STRAW MUG 2.0 CST HRVSTRED,REGULAR,DC,auto_aprobado,2026-09-07
21071510117,RAMBLER 26 OZ CHUG BOTTLE CSTM NAVY B,REGULAR,DC,auto_aprobado,2026-09-07
21071510121,RAMBLER 30 OZ TUMBLER CSTM ORANGE A,REGULAR,DC,auto_aprobado,2026-09-07
21071510122,RAMBLER 35 OZ STRAW MUG 2.0 CST ORANGE A,REGULAR,DC,auto_aprobado,2026-09-07
21071510125,RAMBLER 35 OZ STRAW MUG 2.0 CST ORANGE B,REGULAR,DC,auto_aprobado,2026-09-07
21071510129,RAMBLER 26 OZ CHUG BOTTLE CSTM PURPLE B,REGULAR,DC,auto_aprobado,2026-09-07
21071510130,RAMBLER 30 OZ TUMBLER CSTM PURPLE B,REGULAR,DC,auto_aprobado,2026-09-07
21071510139,RAMBLER 30 OZ TUMBLER CSTM TEAL B,REGULAR,DC,auto_aprobado,2026-09-07
21071510141,RAMBLER 26 OZ CHUG BOTTLE CSTM TEAL C,REGULAR,DC,auto_aprobado,2026-09-07
21071510142,RAMBLER 30 OZ TUMBLER CSTM TEAL C,REGULAR,DC,auto_aprobado,2026-09-07
21071510147,RAMBLER 26 OZ CHUG BOTTLE CSTM YELLOW B,REGULAR,DC,auto_aprobado,2026-09-07
21071510150,RAMBLER 35OZ STRAW MUG 2.0 CSTM KNG CRAB,REGULAR,DC,auto_aprobado,2026-09-07
21071510151,RAMBLER 30OZ TUMBLER CSTM BLUE F,REGULAR,DC,auto_aprobado,2026-09-07
21071510158,RAMBLER 35OZ STRAW MUG 2.0 CSTM WV RED,REGULAR,DC,auto_aprobado,2026-09-07
21071511970,RAMBLER 30 OZ TUMBLER MS CUSTOM CLAY,REGULAR,DC,auto_aprobado,2026-09-07
21071511971,RAMBLER 30 OZ TUMBLER MS CST HARVEST RED,REGULAR,DC,auto_aprobado,2026-09-07
21090000063,RAMBLER 20 OZ TUMBLER MS CSTM VERDE,REGULAR,DC,auto_aprobado,2026-09-07
28000009739,RAMBLER 20 OZ MSBLUE E: NCAABOISE ST U,REGULAR,DC,auto_aprobado,2026-09-07
28000009744,RAMBLER 20 OZ MS GREEN C: NCAAMICHIGANST,REGULAR,DC,auto_aprobado,2026-09-07
28000009787,RAMBLER COLSTER MAROONB:NCAAU OF MONTANA,REGULAR,DC,auto_aprobado,2026-09-07
28000009850,RAMBLER 35OZ STRMG 2.0 RR: NCAA TEXASTCH,REGULAR,DC,auto_aprobado,2026-09-07
28000009918,RAMBLER 26OZ CHUG BT PRA: NCAA CHRISTIAN,REGULAR,DC,auto_aprobado,2026-09-07
28000009919,RAMBLER 26OZ CHUG BT RR: NCAA TEXAS TECH,REGULAR,DC,auto_aprobado,2026-09-07
28000009939,RAMBLER 30 OZ TUMBLR RR: NCAA CINCINNATI,REGULAR,DC,auto_aprobado,2026-09-07
28000009961,RAMBLER 30 OZ TUMBLER WHT: NCAA STATE,REGULAR,DC,auto_aprobado,2026-09-07
28000009962,RAMBLER 30 OZ MS NVY: NCAA MISSISSIPPI,REGULAR,DC,auto_aprobado,2026-09-07
28000009981,RAMBLER 30 OZ MS PRA: NCAA TXS CHRISTIAN,REGULAR,DC,auto_aprobado,2026-09-07
28000009982,RAMBLER 30 OZ TUMBLR RR: NCAA TEXAS TECH,REGULAR,DC,auto_aprobado,2026-09-07
28000010280,RAMBLER 26 OZ BOTTLE FCHUG WHT: J.DEERE,REGULAR,DC,auto_aprobado,2026-09-07
28000010303,RAMBLER 16 OZ STK CP SEAFOAM: BAYLOR,REGULAR,DC,auto_aprobado,2026-09-07
28000010304,RAMBLER 18 OZ CHUG BT SEAFOAM: BAYLOR,REGULAR,DC,auto_aprobado,2026-09-07
28000010305,RAMBLER 20 OZ MS SEAFOAM: BAYLOR,REGULAR,DC,auto_aprobado,2026-09-07
28000010306,RAMBLER 26 OZ CH BT SEAFOAM: BAYLOR,REGULAR,DC,auto_aprobado,2026-09-07
28000010307,RAMBLER 30 OZ MS SEAFOAM: BAYLOR,REGULAR,DC,auto_aprobado,2026-09-07
28000010352,RAMBLER 16 OZ STK MS RED B: CA STCHICOV2,REGULAR,DC,auto_aprobado,2026-09-07
28000010353,RAMBLER 20 OZ MS RED B: CA STCHICOV2,REGULAR,DC,auto_aprobado,2026-09-07
28000010354,RAMBLER 30 OZ MS RED B: CA STCHICOV2,REGULAR,DC,auto_aprobado,2026-09-07
28000010355,RAMBLER 18 OZ CHUG BT REDB: CA STCHICOV2,REGULAR,DC,auto_aprobado,2026-09-07
28000010356,RAMBLER 35OZ STRMG 2.0 RED B: CASTCHICV2,REGULAR,DC,auto_aprobado,2026-09-07
28000010357,RAMBLER 26 OZ CH BT RED B: CA STCHICOV2,REGULAR,DC,auto_aprobado,2026-09-07
28000010358,RAMBLER COLSTER 2.0 RED B: CA STCHICOV2,REGULAR,DC,auto_aprobado,2026-09-07
28000010360,RAMBLER 20 OZ MS RR: CALIFORNIASTCHICOV2,REGULAR,DC,auto_aprobado,2026-09-07
28000010380,RAMBLER 16 OZSTK BLUE E: EMBRYRAERONAUTI,REGULAR,DC,auto_aprobado,2026-09-07
28000010381,RAMBLER 20 OZ MS BLUE E: EMBRYRAERONAUTI,REGULAR,DC,auto_aprobado,2026-09-07
28000010382,RAMBLER 30 OZ MS BLUE E: EMBRYRAERONAUTI,REGULAR,DC,auto_aprobado,2026-09-07
28000010383,RAMBLER 18 OZ CHG BT BLUE E: EMBRY RAERO,REGULAR,DC,auto_aprobado,2026-09-07
28000010384,RAMBLER 35OSTRMG 2.0 BLUEE: EMBRY R AERO,REGULAR,DC,auto_aprobado,2026-09-07
28000010385,RAMBLER 26 OZ CH BT BLUE E: EMBRY R AERO,REGULAR,DC,auto_aprobado,2026-09-07
28000010386,RAMBLER COLSTER 2.0 BLUE E: EMBRY R AERO,REGULAR,DC,auto_aprobado,2026-09-07
28000010387,RAMBLER 16 OZ STK MS BLK: FLORIDA STATE,REGULAR,DC,auto_aprobado,2026-09-07
28000010396,RAMBLER 16 OZ STK MS CAPE TAUPE: FURMAN,REGULAR,DC,auto_aprobado,2026-09-07
28000010397,RAMBLER 20 OZ MS CAPE TAUPE: FURMAN,REGULAR,DC,auto_aprobado,2026-09-07
28000010398,RAMBLER 18 OZ CHUG BT PURPLE A: FURMAN,REGULAR,DC,auto_aprobado,2026-09-07
28000010399,RAMBLER 20 OZ MS PURPLE A: FURMAN,REGULAR,DC,auto_aprobado,2026-09-07
28000010400,RAMBLER 30 OZ MS PURPLE A: FURMAN,REGULAR,DC,auto_aprobado,2026-09-07
28000010425,RAMBLER 20 OZ MS BLACK: JAMES MADISON U,REGULAR,DC,auto_aprobado,2026-09-07
28000010426,RAMBLER 30 OZ MS BLACK: JAMES MADISON U,REGULAR,DC,auto_aprobado,2026-09-07
28000010427,RAMBLER 16 OZ STK MS PURPLE A: JAMESMADU,REGULAR,DC,auto_aprobado,2026-09-07
28000010428,RAMBLER 20 OZ MS PURPLEA: JAMESMADISON U,REGULAR,DC,auto_aprobado,2026-09-07
28000010429,RAMBLER 30 OZ MS PURPLEA: JAMESMADISON U,REGULAR,DC,auto_aprobado,2026-09-07
28000010430,RAMBLER 18 OZ CHUG BT PURPLEA: JAMESMADU,REGULAR,DC,auto_aprobado,2026-09-07
28000010431,RAMBLER 35OZSTRMG 2.0 PURPLEA: JAMESMADU,REGULAR,DC,auto_aprobado,2026-09-07
28000010432,RAMBLER 26 OZ CH BT PURPLEA: JAMESMADU,REGULAR,DC,auto_aprobado,2026-09-07
28000010433,RAMBLER COLSTER2.0 PURPLEA: JAMESMADU,REGULAR,DC,auto_aprobado,2026-09-07
28000010434,RAMBLER 20 OZ MS WHITE: JAMES MADISON U,REGULAR,DC,auto_aprobado,2026-09-07
28000010435,RAMBLER 30 OZ MS WHITE: JAMES MADISON U,REGULAR,DC,auto_aprobado,2026-09-07
28000010477,RAMBLER COLSTER2.0 PURPLEA: NORTHWESTERN,REGULAR,DC,auto_aprobado,2026-09-07
28000010479,RAMBLER 16 OZSTKMS PURPLEA: NORTHWESTERN,REGULAR,DC,auto_aprobado,2026-09-07
28000010480,RAMBLER 18 OZCHGBT PURPLEA: NORTHWESTERN,REGULAR,DC,auto_aprobado,2026-09-07
28000010481,RAMBLER 18 OZ CHUG BT CTP: NORTHWESTERN,REGULAR,DC,auto_aprobado,2026-09-07
28000010482,RAMBLER 20 OZ MS PURPLE A: NORTHWESTERN,REGULAR,DC,auto_aprobado,2026-09-07
28000010483,RAMBLER 20 OZ MS CTAUPE: NORTHWESTERN,REGULAR,DC,auto_aprobado,2026-09-07
28000010484,RAMBLER 30 OZ MS PURPLE A: NORTHWESTERN,REGULAR,DC,auto_aprobado,2026-09-07
28000010485,RAMBLER 30 OZ MS CTAUPE: NORTHWESTERN,REGULAR,DC,auto_aprobado,2026-09-07
28000010507,RAMBLER 30 OZ MS RR: RENSSELAERPOLYTEINS,REGULAR,DC,auto_aprobado,2026-09-07
28000010508,RAMBLER 20 OZ MS WHT: RENSSELAERPOLYCINS,REGULAR,DC,auto_aprobado,2026-09-07
28000010509,RAMBLER 16 OZ STK BLUE BLUE E: RICE,REGULAR,DC,auto_aprobado,2026-09-07
28000010510,RAMBLER 20 OZ MS BLUE E: RICE,REGULAR,DC,auto_aprobado,2026-09-07
28000010511,RAMBLER 30 OZ MS BLUE E: RICE,REGULAR,DC,auto_aprobado,2026-09-07
28000010512,RAMBLER 18 OZ CHG BT BLUE E: RICE,REGULAR,DC,auto_aprobado,2026-09-07
28000010513,RAMBLER 35OZ STRMG 2.0 BLUE E: RICE,REGULAR,DC,auto_aprobado,2026-09-07
28000010514,RAMBLER 26 OZ CH BT BLUE E: RICE,REGULAR,DC,auto_aprobado,2026-09-07
28000010545,RAMBLER 16 OZ STK MS BLK: TEXASCHRISTIAN,REGULAR,DC,auto_aprobado,2026-09-07
28000010546,RAMBLER 18 OZ CHUG BT BLK: TXSCHRISTIAN,REGULAR,DC,auto_aprobado,2026-09-07
28000010547,RAMBLER 20 OZ MS BLACK: TEXAS CHRISTIAN,REGULAR,DC,auto_aprobado,2026-09-07
28000010548,RAMBLER 26 OZ CH BT BLK: TEXAS CHRISTIAN,REGULAR,DC,auto_aprobado,2026-09-07
28000010549,RAMBLER 30 OZ MS BLACK: TEXAS CHRISTIAN,REGULAR,DC,auto_aprobado,2026-09-07
28000010550,RAMBLER 35OZ STRMG 2.0 BLK: TXSCHRISTIAN,REGULAR,DC,auto_aprobado,2026-09-07
28000010589,RAMBLER 16 OZ STK MS BLK: CINCINNATI P3,REGULAR,DC,auto_aprobado,2026-09-07
28000010590,RAMBLER 20 OZ MS BLACK: CINCINNATI P3,REGULAR,DC,auto_aprobado,2026-09-07
28000010591,RAMBLER 30 OZ MS BLACK: CINCINNATI P3,REGULAR,DC,auto_aprobado,2026-09-07
28000010597,RAMBLER 20 OZ MS BLACK: FLORIDA P6,REGULAR,DC,auto_aprobado,2026-09-07
28000010600,RAMBLER 30 OZ MS BLACK: FLORIDA P6,REGULAR,DC,auto_aprobado,2026-09-07
28000010665,RAMBLER 16 OZ STK MS BLACK: USF,REGULAR,DC,auto_aprobado,2026-09-07
28000010666,RAMBLER 20 OZ MS BLACK: USF,REGULAR,DC,auto_aprobado,2026-09-07
28000010667,RAMBLER 20 OZ MS WHITE: USF,REGULAR,DC,auto_aprobado,2026-09-07
28000010668,RAMBLER 30 OZ MS BLACK: USF,REGULAR,DC,auto_aprobado,2026-09-07
28000010669,RAMBLER 30 OZ MS WHITE: USF,REGULAR,DC,auto_aprobado,2026-09-07
28000010670,RAMBLER 18 OZ CHUG BT BLACK: USF,REGULAR,DC,auto_aprobado,2026-09-07
28000010671,RAMBLER 35OZ STRMG 2.0 BLACK: USF,REGULAR,DC,auto_aprobado,2026-09-07
28000010672,RAMBLER 26 OZ CH BT BLACK: USF,REGULAR,DC,auto_aprobado,2026-09-07
28000010673,RAMBLER COLSTER 2.0 BLACK: USF,REGULAR,DC,auto_aprobado,2026-09-07
28000010712,RAMBLER 20 OZ MS RESCUE RED: WASHINGTON,REGULAR,DC,auto_aprobado,2026-09-07
28000010713,RAMBLER 18 OZ CH RESCUE RED: WASHINGTON,REGULAR,DC,auto_aprobado,2026-09-07
28000010718,RAMBLER 16 OZ STK MS BLK: WOFFORDCOLLEGE,REGULAR,DC,auto_aprobado,2026-09-07
28000010719,RAMBLER 20 OZ MS CTAUPE: WOFFORD COLLEGE,REGULAR,DC,auto_aprobado,2026-09-07
28000010720,RAMBLER 30 OZ MS BLACK: WOFFORD COLLEGE,REGULAR,DC,auto_aprobado,2026-09-07
28000010721,RAMBLER 18 OZ CHUGBT CTP: WOFFORDCOLLEGE,REGULAR,DC,auto_aprobado,2026-09-07
28000010722,RAMBLER 26 OZ CH BT WHT: WOFFORD COLLEGE,REGULAR,DC,auto_aprobado,2026-09-07
28100005251,RAMBLER 64 OZ BOTTLE CHUG BLK: J.DEERE,REGULAR,DC,auto_aprobado,2026-09-07
28100005263,RAMBLER 16 OZ STK MS WHT: J.DEERE,REGULAR,DC,auto_aprobado,2026-09-07
28100006605,RAMBLER 16 OZ STK MS NAVY A: NCAA AUBURN,REGULAR,DC,auto_aprobado,2026-09-07
28100006642,RAMBLER 16 OZ STK MS RED B: NCAA IOWA ST,REGULAR,DC,auto_aprobado,2026-09-07
28100006660,RAMBLER 16 OZ STK MS RRD: NCAA TEXASTECH,REGULAR,DC,auto_aprobado,2026-09-07
28100006675,RAMBLER 16 OZ STK MS WHT: NCAA TEXAS,REGULAR,DC,auto_aprobado,2026-09-07
28100006778,RAMBLER 18 OZ CHUG NAVY A: NCAA AUBURN,REGULAR,DC,auto_aprobado,2026-09-07
28100006812,RAMBLER 18 OZ CHUG ORANGEB:NCAAMIAMI(FL),REGULAR,DC,auto_aprobado,2026-09-07
28100006814,RAMBLER 18 OZ CHUG PURPLE A: NCAA TCU,REGULAR,DC,auto_aprobado,2026-09-07
28100006824,RAMBLER 18 OZ CHUG RED B: NCAA OKLAHOMA,REGULAR,DC,auto_aprobado,2026-09-07
28100006846,RAMBLER 18 OZ CHUG RRD: NCAA NEBRASKA,REGULAR,DC,auto_aprobado,2026-09-07
28100006848,RAMBLER 18 OZ CHUG RRD: NCAA TEXAS TECH,REGULAR,DC,auto_aprobado,2026-09-07
28100006861,RAMBLER 18 OZ CHUG WHT: MLB DODGERS,REGULAR,DC,auto_aprobado,2026-09-07
28100006872,RAMBLER 18 OZ CHUG WHT: NCAA ALABAMA,REGULAR,DC,auto_aprobado,2026-09-07
28100006987,RAMBLER 20 OZ MS NAVY A: MLB TIGERS,REGULAR,DC,auto_aprobado,2026-09-07
28100006990,RAMBLER 20 OZ MS NAVY A: NCAA AUBURN,REGULAR,DC,auto_aprobado,2026-09-07
28100007006,RAMBLER 20 OZ MS RRD: NCAA CINCINNATI,REGULAR,DC,auto_aprobado,2026-09-07
28100007009,RAMBLER 20 OZ MS NVY: NCAA MISSISSIPPI,REGULAR,DC,auto_aprobado,2026-09-07
28100007040,RAMBLER 20 OZ MS RED B: NCAA OKLAHOMA,REGULAR,DC,auto_aprobado,2026-09-07
28100007064,RAMBLER 20 OZ MS RRD: NCAA TEXAS TECH,REGULAR,DC,auto_aprobado,2026-09-07
28100007093,RAMBLER 20 OZ MS WHT: NCAA MICHIGAN ST,REGULAR,DC,auto_aprobado,2026-09-07
28100007094,RAMBLER 20 OZ MS WHT: NCAA MICHIGAN,REGULAR,DC,auto_aprobado,2026-09-07
28100007221,RAMBLER 42 OZ STR MUG RED B: NCAA IOWAST,REGULAR,DC,auto_aprobado,2026-09-07
28100007288,RAMBLER 42 OZ STR ORANGE B: MLB ASTROS,REGULAR,DC,auto_aprobado,2026-09-07
28100007373,RAMBLER COLSTER 2.0 BLUE E: NCAA FLORIDA,REGULAR,DC,auto_aprobado,2026-09-07
28100007477,RAMBLER COLSTER 2.0 WHT: MLB DODGERS,REGULAR,DC,auto_aprobado,2026-09-07
28100008033,RAMBLER 18 OZ CHUG WHT: UNV OF OKLAHOMA,REGULAR,DC,auto_aprobado,2026-09-07
28100008034,RAMBLER 20 OZ MS WHT: UNV OF OKLAHOMA,REGULAR,DC,auto_aprobado,2026-09-07
28100009634,RAMBLER 30 OZ TUMBLER ORNG B: MLB ASTROS,REGULAR,DC,auto_aprobado,2026-09-07
28100011204,RAMBLER 20 OZ MS RRED:NHL CHSTANLEYC2026,REGULAR,DC,auto_aprobado,2026-09-07
21070090198,RAMBLER 20 OZ MS CST SANDSTN PINK/COPPER,REGULAR,DC,auto_aprobado,2026-09-14
21071500773,RAMBLER 18 OZ BOTTLE CHUG CSTM HARVRED,REGULAR,DC,auto_aprobado,2026-09-14
21071503945,RAMBLER 10 OZ TUMBLER MS CUSTOM NAVY,REGULAR,DC,auto_aprobado,2026-09-14
21071504119,RAMBLER 46 OZ BOTTLE CHUG CUSTOM BLACK,REGULAR,DC,auto_aprobado,2026-09-14
21071505087,RAMBLER 1 G JUG 2.0 CSTM WETLANDS CAMO,REGULAR,DC,auto_aprobado,2026-09-14
21071505183,RAMBLER 18 OZ BOTTLE CHUG CSTM BEEKEEPER,REGULAR,DC,auto_aprobado,2026-09-14
21071505196,RAMBLER 16 OZ STK MS CSTM BEEKEEPER,REGULAR,DC,auto_aprobado,2026-09-14
21071506585,RAMBLER 16 OZ STK MS CSTM RED C,REGULAR,DC,auto_aprobado,2026-09-14
21071506629,RAMBLER 18 OZ BOTTLE CHUG CSTM NAVY B,REGULAR,DC,auto_aprobado,2026-09-14
21071506633,RAMBLER 18 OZ BOTTLE CHUG CSTM GRAY A,REGULAR,DC,auto_aprobado,2026-09-14
21071506640,RAMBLER 18 OZ BOTTLE CHUG CSTM BLUE G,REGULAR,DC,auto_aprobado,2026-09-14
21071506662,RAMBLER COLSTER 2.0 CSTM BLUE H,REGULAR,DC,auto_aprobado,2026-09-14
21071506739,YETI FLASK CSTM YELLOW B,REGULAR,DC,auto_aprobado,2026-09-14
21071506741,YETI FLASK CSTM GREEN E,REGULAR,DC,auto_aprobado,2026-09-14
21071508586,RAMBLER 26 OZ BOTTLE CHUG CSTM KING CRAB,REGULAR,DC,auto_aprobado,2026-09-14
21071508879,RAMBLER COLSTER SLIM CSTM ROYAL BLUE,REGULAR,DC,auto_aprobado,2026-09-14
21071509073,RAMBLER 26 OZ BOTTLE FCHUG CSTPAMPAGREEN,REGULAR,DC,auto_aprobado,2026-09-14
21071510068,RAMBLER 35OZ STR MUG 2.0 CST BK YELLOW,REGULAR,DC,auto_aprobado,2026-09-14
21071510069,RAMBLER 26 OZ CHUG BOTTLE CSTM BLUE B,REGULAR,DC,auto_aprobado,2026-09-14
21071510087,RAMBLER 26 OZ CHUG BOTTLE CSTM BROWN A,REGULAR,DC,auto_aprobado,2026-09-14
21071510094,RAMBLER 26 OZ CHUG BOTTLE CSTM GRAY A,REGULAR,DC,auto_aprobado,2026-09-14
21071510107,RAMBLER 30 OZ TUMBLER CSTM GREEN E,REGULAR,DC,auto_aprobado,2026-09-14
21071510144,RAMBLER 26 OZ CHUG BOTTLE CSTM YELLOW A,REGULAR,DC,auto_aprobado,2026-09-14
28000009740,RAMBLER 16 OZ STKBLUE E: NCAABOISE ST U,REGULAR,DC,auto_aprobado,2026-09-14
28000009786,RAMBLER 18 OZ BOTTLECHMAROB:NCAAUOFMONTA,REGULAR,DC,auto_aprobado,2026-09-14
28000009894,RAMBLER 26OZ CHUG BTL ORNGB: NCAA MIAMI,REGULAR,DC,auto_aprobado,2026-09-14
28000009951,Rambler 30 oz Tumbler BlueE: NCAA Kansas,REGULAR,DC,auto_aprobado,2026-09-14
28000009952,Rambler 30 oz Tumblr PrpA: NCAA KansasSt,REGULAR,DC,auto_aprobado,2026-09-14
28000009990,Rambler 30 oz MS PrplA: NCAA Washington,REGULAR,DC,auto_aprobado,2026-09-14
28000010040,RAMBLER 1 G JUG 2.0 CPT: J.DEERE,REGULAR,DC,auto_aprobado,2026-09-14
28000010043,RAMBLER 1/2 G JUG 2.0 CPT: J.DEERE,REGULAR,DC,auto_aprobado,2026-09-14
28000010062,RAMBLER 14 OZ CL MUG 2.0 MS CPT: J.DEERE,REGULAR,DC,auto_aprobado,2026-09-14
28000010065,RAMBLER 16 OZ FOOD JAR BLACK: J.DEERE,REGULAR,DC,auto_aprobado,2026-09-14
28000010067,RAMBLER 16 OZ FOOD JAR WHITE: J.DEERE,REGULAR,DC,auto_aprobado,2026-09-14
28000010079,RAMBLER 20 OZ STK MS CPT: J.DEERE,REGULAR,DC,auto_aprobado,2026-09-14
28000010324,RAMBLER 20 OZ MS BLACK: BOSTONCOLLEGEP6,REGULAR,DC,auto_aprobado,2026-09-14
28000010325,RAMBLER 20 OZ MS CTAUPE: BOSTONCOLLEGEP6,REGULAR,DC,auto_aprobado,2026-09-14
28000010326,RAMBLER 20 OZ MS SS: BOSTONCOLLEGEP6,REGULAR,SS,auto_aprobado,2026-09-14
28000010328,RAMBLER 30 OZ MS BLACK: BOSTONCOLLEGEP6,REGULAR,DC,auto_aprobado,2026-09-14
28000010329,RAMBLER 30 OZ MS CTAUPE: BOSTONCOLLEGEP6,REGULAR,DC,auto_aprobado,2026-09-14
28000010330,RAMBLER 30 OZ MS SS: BOSTONCOLLEGEP6,REGULAR,SS,auto_aprobado,2026-09-14
28000010334,RAMBLER 16 OZ STK MS NAVY: BUTLER V2,REGULAR,DC,auto_aprobado,2026-09-14
28000010335,RAMBLER 20 OZ MS NAVY: BUTLER V2,REGULAR,DC,auto_aprobado,2026-09-14
28000010336,RAMBLER 30 OZ MS NAVY: BUTLER V2,REGULAR,DC,auto_aprobado,2026-09-14
28000010337,RAMBLER 18 OZ CHUG BT NAVY: BUTLER V2,REGULAR,DC,auto_aprobado,2026-09-14
28000010338,RAMBLER 35OZ STRMG 2.0 NAVY: BUTLER V2,REGULAR,DC,auto_aprobado,2026-09-14
28000010339,RAMBLER 26 OZ CH BT NAVY: BUTLER V2,REGULAR,DC,auto_aprobado,2026-09-14
28000010340,RAMBLER COLSTER 2.0 NAVY: BUTLER V2,REGULAR,DC,auto_aprobado,2026-09-14
28000010341,RAMBLER 20 OZ MS TROPICAPINK : BUTLER V2,REGULAR,DC,auto_aprobado,2026-09-14
28000010342,RAMBLER 30 OZ MS TROPICAPINK : BUTLER V2,REGULAR,DC,auto_aprobado,2026-09-14
28000010343,RAMBLER 16 OZ STK MS WHITE: BUTLER V2,REGULAR,DC,auto_aprobado,2026-09-14
28000010344,RAMBLER 20 OZ MS WHITE: BUTLER V2,REGULAR,DC,auto_aprobado,2026-09-14
28000010345,RAMBLER 30 OZ MS WHITE: BUTLER V2,REGULAR,DC,auto_aprobado,2026-09-14
28000010410,RAMBLER 20 OZ MS RESCUE RED: GONZAGA,REGULAR,DC,auto_aprobado,2026-09-14
28000010411,RAMBLER COLSTER NAVY: GONZAGA,REGULAR,DC,auto_aprobado,2026-09-14
28000010412,RAMBLER 16 OZ STK MS NAVY: GONZAGA,REGULAR,DC,auto_aprobado,2026-09-14
28000010413,RAMBLER 18 OZ CHUG BT NAVY: GONZAGA,REGULAR,DC,auto_aprobado,2026-09-14
28000010414,RAMBLER 20 OZ MS NAVY: GONZAGA,REGULAR,DC,auto_aprobado,2026-09-14
28000010415,RAMBLER 20 OZ MS TROPICAL PINK : GONZAGA,REGULAR,DC,auto_aprobado,2026-09-14
28000010416,RAMBLER 26 OZ CH BT NAVY: GONZAGA,REGULAR,DC,auto_aprobado,2026-09-14
28000010417,RAMBLER 30 OZ MS NAVY: GONZAGA,REGULAR,DC,auto_aprobado,2026-09-14
28000010418,RAMBLER 35OZ STRMG 2.0 NAVY: GONZAGA,REGULAR,DC,auto_aprobado,2026-09-14
28000010419,RAMBLER 20 OZ MS BLACK: INDIANA V2,REGULAR,DC,auto_aprobado,2026-09-14
28000010420,RAMBLER 30 OZ MS BLACK: INDIANA V2,REGULAR,DC,auto_aprobado,2026-09-14
28000010423,RAMBLER 20 OZ MS SS: INDIANA V2,REGULAR,SS,auto_aprobado,2026-09-14
28000010592,RAMBLER 18 OZ CHUG BT BLK: CINCINNATI P3,REGULAR,DC,auto_aprobado,2026-09-14
28000010593,RAMBLER 35OZ STRMG 2.0 BLK: CINCINNATIP3,REGULAR,DC,auto_aprobado,2026-09-14
28000010594,RAMBLER 26 OZ CH BT BLACK: CINCINNATI P3,REGULAR,DC,auto_aprobado,2026-09-14
28000010595,RAMBLER COLSTER 2.0 BLACK: CINCINNATI P3,REGULAR,DC,auto_aprobado,2026-09-14
28000010596,RAMBLER 16 OZ STK MS BLACK: FLORIDA P6,REGULAR,DC,auto_aprobado,2026-09-14
28000010607,RAMBLER 18 OZ CHUG BT SS: GEORGIAP4,REGULAR,SS,auto_aprobado,2026-09-14
28000010634,RAMBLER COLSTER 2.0 BLACK: MIAMI,REGULAR,DC,auto_aprobado,2026-09-14
28000010635,RAMBLER 20 OZ MS WHITE: MIAMI,REGULAR,DC,auto_aprobado,2026-09-14
28000010636,RAMBLER 30 OZ MS WHITE: MIAMI,REGULAR,DC,auto_aprobado,2026-09-14
28100006623,RAMBLER 16 OZ STK MS RRD: NCAACINCINNATI,REGULAR,DC,auto_aprobado,2026-09-14
28100006635,RAMBLER 16 OZ STK MS PURPLA:NCAAKANSASST,REGULAR,DC,auto_aprobado,2026-09-14
28100006719,RAMBLER 18 OZ CHUG BLK: NCAA GEORGIA,REGULAR,DC,auto_aprobado,2026-09-14
28100006755,RAMBLER 18 OZ CHUG BLUE E: NCAA FLORIDA,REGULAR,DC,auto_aprobado,2026-09-14
28100006817,RAMBLER 18 OZ CHUG PURPLE A:NCAAKANSASST,REGULAR,DC,auto_aprobado,2026-09-14
28100006821,RAMBLER 18 OZ CHUG RED B: NCAA ALABAMA,REGULAR,DC,auto_aprobado,2026-09-14
28100007079,RAMBLER 20 OZ MS WHT: MLB DODGERS,REGULAR,DC,auto_aprobado,2026-09-14
28100007090,RAMBLER 20 OZ MS WHT: NCAA ALABAMA,REGULAR,DC,auto_aprobado,2026-09-14
28100007091,RAMBLER 20 OZ MS WHT: NCAA INDIANA,REGULAR,DC,auto_aprobado,2026-09-14
28100007194,RAMBLER 42 OZ STR MUG NAVY A: NCAAAUBURN,REGULAR,DC,auto_aprobado,2026-09-14
28100007220,RAMBLER 42 OZ STR MUG NAVY A: MLB BRAVES,REGULAR,DC,auto_aprobado,2026-09-14
28100007223,RAMBLER 42 OZ STR MUG RED B: NCAAALABAMA,REGULAR,DC,auto_aprobado,2026-09-14
28100008586,RAMBLER 18 OZ CH BT BLK: MLS LA FC,REGULAR,DC,auto_aprobado,2026-09-14
28100009225,Rambler 35oz StrM 2.0 GldA: NBA Pelicans,REGULAR,DC,auto_aprobado,2026-09-14
28100009254,Rambler 35oz Strw Mg 2.0 PrB: NFL Ravens,REGULAR,DC,auto_aprobado,2026-09-14
28100009300,Rambler 35oz Str Mg 2.0 GrnD: NFL Eagles,REGULAR,DC,auto_aprobado,2026-09-14
28100009358,Rambler 26oz Chug Btl OrngB: MLB Orioles,REGULAR,DC,auto_aprobado,2026-09-14
28100009374,Rambler 26oz Chug Btl Orng B: MLB Astros,REGULAR,DC,auto_aprobado,2026-09-14
28100009387,Rambler 26oz Chug Btl Orng B: MLB Mets,REGULAR,DC,auto_aprobado,2026-09-14
28100009510,Rambler 26oz Chug Btl OrnB: NBA NYKnicks,REGULAR,DC,auto_aprobado,2026-09-14
28100009512,Rambler 26oz Chug Btl OrngB: NBA Thunder,REGULAR,DC,auto_aprobado,2026-09-14
28100009629,Rambler 30 oz Tumbler PrplA: MLB Rockies,REGULAR,DC,auto_aprobado,2026-09-14
28100009635,Rambler 30 oz Tumbler Blue E: MLB Royals,REGULAR,DC,auto_aprobado,2026-09-14
28100009733,Rambler 30 oz Tumbler Grn B: NBA Celtics,REGULAR,DC,auto_aprobado,2026-09-14
28100009747,Rambler 30 oz Tumbler Bl E: NBA Pistons,REGULAR,DC,auto_aprobado,2026-09-14
28100009763,Rambler 30 oz Tumbler Green B: NBA Bucks,REGULAR,DC,auto_aprobado,2026-09-14
28100009772,Rambler 30 oz Tumblr Orng B: NBA Thunder,REGULAR,DC,auto_aprobado,2026-09-14
28100009773,Rambler 30 oz Tumbler Blue E: NBA Magic,REGULAR,DC,auto_aprobado,2026-09-14
28100009775,Rambler 30 oz Tumbler Blue E: NBA 76ers,REGULAR,DC,auto_aprobado,2026-09-14
28100009781,Rambler 30 oz Tumbler Prple A: NBA Kings,REGULAR,DC,auto_aprobado,2026-09-14
28100009785,Rambler 30 oz Tumbler PrplA: NBA Raptors,REGULAR,DC,auto_aprobado,2026-09-14
28100009787,Rambler 30 oz Tumbler Purple A: NBA Jazz,REGULAR,DC,auto_aprobado,2026-09-14
28100009839,Rambler 30 oz Tumbler Green B: NFL Jets,REGULAR,DC,auto_aprobado,2026-09-14
